dataset,case_id,fault_type,root_service,fold,z1_rank,z1_root_margin,z2_rank,z2_root_margin,z3_rank,z3_root_margin,z2_vs_z1,z3_vs_z1,z2_top1_gained,z2_top1_lost,z3_top1_gained,z3_top1_lost,z2_top3_gained,z2_top3_lost,z3_top3_gained,z3_top3_lost,z2_top5_gained,z2_top5_lost,z3_top5_gained,z3_top5_lost
re2ob,re2ob-0433b8cb47b1ec8e,mem,currencyservice,0,4,-1.7606617752453175,2,-0.41049777286956335,1,2.638890810877564,improved,improved,0,0,1,0,1,0,1,0,0,0,0,0
re2ob,re2ob-048f2e7d7bfbc927,socket,emailservice,1,1,5.2044712430719775,1,8.042019006804972,1,9.601229784573407,unchanged,unchanged,0,0,0,0,0,0,0,0,0,0,0,0
re2ob,re2ob-057fe49bd30d47c0,cpu,checkoutservice,2,1,2.2600963461891834,1,5.341862098770527,1,5.345006851119608,unchanged,unchanged,0,0,0,0,0,0,0,0,0,0,0,0
re2ob,re2ob-08f3e5d7b11d1fa7,delay,productcatalogservice,0,1,3.810450454049829,1,3.9195874140878253,1,4.610901655950958,unchanged,unchanged,0,0,0,0,0,0,0,0,0,0,0,0
re2ob,re2ob-097a5d7ac0492007,cpu,emailservice,0,1,4.786333158319886,1,5.330922295662285,1,4.428493675766612,unchanged,unchanged,0,0,0,0,0,0,0,0,0,0,0,0
re2ob,re2ob-0c582795f6ae4798,mem,recommendationservice,2,1,2.658417963508895,1,3.7850279203116086,1,1.8451872364615856,unchanged,unchanged,0,0,0,0,0,0,0,0,0,0,0,0
re2ob,re2ob-1084f320d8584c61,disk,emailservice,0,1,9.197638505746783,1,8.197892346658511,1,8.193284210914769,unchanged,unchanged,0,0,0,0,0,0,0,0,0,0,0,0
re2ob,re2ob-1bb2e75872fd9037,loss,productcatalogservice,0,1,48.984510231161,1,42.84896105406995,1,56.11991831374908,unchanged,unchanged,0,0,0,0,0,0,0,0,0,0,0,0
re2ob,re2ob-1d19cc60d7a6adc1,socket,checkoutservice,0,1,4.7909450555007,1,8.74339687344144,1,9.714078030638582,unchanged,unchanged,0,0,0,0,0,0,0,0,0,0,0,0
re2ob,re2ob-1d9a0d1641171551,mem,checkoutservice,1,1,1.9866964042857358,1,0.8582301927290956,1,9.603436219356517,unchanged,unchanged,0,0,0,0,0,0,0,0,0,0,0,0
re2ob,re2ob-23213ee605c6b050,disk,emailservice,1,1,12.03800898329583,1,11.965232281823935,1,19.377098372163108,unchanged,unchanged,0,0,0,0,0,0,0,0,0,0,0,0
re2ob,re2ob-34c4e276dad53220,loss,recommendationservice,2,1,1.161610088943248,1,6.765926047184227,1,8.555238997761643,unchanged,unchanged,0,0,0,0,0,0,0,0,0,0,0,0
re2ob,re2ob-35bd9974d6b59069,disk,recommendationservice,0,1,2.776890711056554,1,7.454980662660456,1,10.282759252071791,unchanged,unchanged,0,0,0,0,0,0,0,0,0,0,0,0
re2ob,re2ob-3758cb8f0f1277f3,mem,recommendationservice,0,1,5.01235535110504,1,5.527113612062752,1,9.68517740621888,unchanged,unchanged,0,0,0,0,0,0,0,0,0,0,0,0
re2ob,re2ob-3827c8c9ef1e8592,loss,currencyservice,1,1,0.3384082193397804,3,-1.3366183332979844,1,0.4590780566667245,degraded,unchanged,0,1,0,0,0,0,0,0,0,0,0,0
re2ob,re2ob-3e7e71a1c83dbc41,socket,currencyservice,1,1,0.005767579583868532,1,0.4661398630838507,1,0.9969770368254736,unchanged,unchanged,0,0,0,0,0,0,0,0,0,0,0,0
re2ob,re2ob-40e1893e43abba5c,delay,currencyservice,1,1,0.7224165409976129,1,3.1605365421033156,1,3.2464386568091648,unchanged,unchanged,0,0,0,0,0,0,0,0,0,0,0,0
re2ob,re2ob-428d5ecf570372b5,delay,checkoutservice,2,3,-0.8863824186090081,1,0.9166225554335927,1,0.7694644696309361,improved,improved,1,0,1,0,0,0,0,0,0,0,0,0
re2ob,re2ob-42e80cf6bcd9400f,disk,currencyservice,2,1,0.03675607626074573,1,1.4469057730414763,1,4.79279027134066,unchanged,unchanged,0,0,0,0,0,0,0,0,0,0,0,0
re2ob,re2ob-435f42d94b785472,socket,emailservice,0,1,5.297396620390794,1,7.956899133437458,1,6.302872953567707,unchanged,unchanged,0,0,0,0,0,0,0,0,0,0,0,0
re2ob,re2ob-45687a171f241b04,disk,productcatalogservice,0,1,1.7818576398241515,1,2.152546040269053,1,4.169926345302041,unchanged,unchanged,0,0,0,0,0,0,0,0,0,0,0,0
re2ob,re2ob-4677d4ce6ef327e0,delay,emailservice,0,1,1.6866722828847545,1,2.6015100089899548,1,4.644577355118328,unchanged,unchanged,0,0,0,0,0,0,0,0,0,0,0,0
re2ob,re2ob-48e5379f4903b1d2,disk,emailservice,2,1,4.545352527665094,1,7.221426930179289,1,13.623528180223165,unchanged,unchanged,0,0,0,0,0,0,0,0,0,0,0,0
re2ob,re2ob-4af0de56834334d2,socket,emailservice,2,1,5.15631046622917,1,8.310244957523004,1,13.506151768446957,unchanged,unchanged,0,0,0,0,0,0,0,0,0,0,0,0
re2ob,re2ob-4b9110d974bb1875,delay,checkoutservice,1,3,-1.1005220454910347,3,-1.1015471388620712,2,-1.6159787368306748,unchanged,improved,0,0,0,0,0,0,0,0,0,0,0,0
re2ob,re2ob-4f85dadf2507c3ca,loss,productcatalogservice,2,1,3.241944012353584,1,1.1588245908817933,1,3.737364300917264,unchanged,unchanged,0,0,0,0,0,0,0,0,0,0,0,0
re2ob,re2ob-505f802370635ec3,cpu,checkoutservice,1,1,4.453381548750803,2,-4.118411002894555,1,9.054102178330911,degraded,unchanged,0,1,0,0,0,0,0,0,0,0,0,0
re2ob,re2ob-557d49794f937ec6,socket,checkoutservice,2,1,2.936916634571488,1,5.491686930903046,1,5.191191384441776,unchanged,unchanged,0,0,0,0,0,0,0,0,0,0,0,0
re2ob,re2ob-57b75da971aabed5,cpu,emailservice,1,1,6.774848715764394,1,7.757527756929651,1,10.590267575242981,unchanged,unchanged,0,0,0,0,0,0,0,0,0,0,0,0
re2ob,re2ob-58cff4fc86081830,socket,recommendationservice,1,1,3.3187803393837574,1,5.718390779859088,1,7.687973677568108,unchanged,unchanged,0,0,0,0,0,0,0,0,0,0,0,0
re2ob,re2ob-58eb5ae1a41b77e4,mem,productcatalogservice,1,2,-3.331470876056894,1,2.496003046425325,1,0.22195320300151344,improved,improved,1,0,1,0,0,0,0,0,0,0,0,0
re2ob,re2ob-5a4d1a4785969ab2,disk,currencyservice,0,3,-1.6814057759799574,1,0.04542735253121144,3,-1.747012104226613,improved,unchanged,1,0,0,0,0,0,0,0,0,0,0,0
re2ob,re2ob-5f261573c1b3bdc5,mem,currencyservice,1,3,-0.21193901847206398,2,-0.46563007876345974,4,-2.1478936194200697,improved,degraded,0,0,0,0,0,0,0,1,0,0,0,0
re2ob,re2ob-6521847c78ca06e9,delay,recommendationservice,1,1,0.6701790041539493,2,-0.16099066656821037,2,-1.9854665022725335,degraded,degraded,0,1,0,1,0,0,0,0,0,0,0,0
re2ob,re2ob-66c4b614046569c9,disk,checkoutservice,0,1,3.385564950722577,1,6.921620154419301,1,8.768020303226312,unchanged,unchanged,0,0,0,0,0,0,0,0,0,0,0,0
re2ob,re2ob-6aa36a4c6c99d55c,delay,currencyservice,2,1,0.9199159822209078,1,2.5773468207713037,1,4.624410178205398,unchanged,unchanged,0,0,0,0,0,0,0,0,0,0,0,0
re2ob,re2ob-71c7f9be34b19754,socket,checkoutservice,1,1,0.004076369280540781,1,2.1500653784252632,1,5.66248596117742,unchanged,unchanged,0,0,0,0,0,0,0,0,0,0,0,0
re2ob,re2ob-72b5d278f8908a0a,loss,checkoutservice,2,1,1.4952395076296208,1,1.1727186333422317,1,1.5988505340506878,unchanged,unchanged,0,0,0,0,0,0,0,0,0,0,0,0
re2ob,re2ob-7732042f2a190c79,cpu,productcatalogservice,1,1,0.2927088373688784,1,1.2540783441772536,1,3.204260489559376,unchanged,unchanged,0,0,0,0,0,0,0,0,0,0,0,0
re2ob,re2ob-784d7eb25137c3c9,mem,productcatalogservice,0,1,13.589463941366056,1,11.611103675230224,1,14.676824896222765,unchanged,unchanged,0,0,0,0,0,0,0,0,0,0,0,0
re2ob,re2ob-7858d4d3815cf005,loss,emailservice,2,1,0.9438173297006012,1,0.7379644709638855,1,0.9434601440666439,unchanged,unchanged,0,0,0,0,0,0,0,0,0,0,0,0
re2ob,re2ob-7890056e7915d551,delay,recommendationservice,2,1,1.0498985662452096,1,4.098913762099586,1,8.297232620861408,unchanged,unchanged,0,0,0,0,0,0,0,0,0,0,0,0
re2ob,re2ob-79fcefff48aef53b,delay,checkoutservice,0,3,-2.4792837461599673,3,-2.5778336991509248,3,-4.827790897517636,unchanged,unchanged,0,0,0,0,0,0,0,0,0,0,0,0
re2ob,re2ob-7a91adc6e16587c6,disk,recommendationservice,1,1,2.2843442010170856,1,4.885821940529116,1,8.525798876860822,unchanged,unchanged,0,0,0,0,0,0,0,0,0,0,0,0
re2ob,re2ob-7aec8ac514e0d064,disk,checkoutservice,1,1,2.646644756133658,1,5.60398902594283,1,10.04712255755906,unchanged,unchanged,0,0,0,0,0,0,0,0,0,0,0,0
re2ob,re2ob-7b0a90583e047a88,cpu,recommendationservice,2,1,5.076704061975886,1,4.997275623065813,1,7.986188965371557,unchanged,unchanged,0,0,0,0,0,0,0,0,0,0,0,0
re2ob,re2ob-7c278a568194196b,loss,checkoutservice,1,1,1.4806621324691616,1,3.268807191842898,2,-2.2193600380907954,unchanged,degraded,0,0,0,1,0,0,0,0,0,0,0,0
re2ob,re2ob-7f2201e9884e818e,loss,checkoutservice,0,1,0.15638702320918796,1,0.5395563191971604,2,-0.4910447775911795,unchanged,degraded,0,0,0,1,0,0,0,0,0,0,0,0
re2ob,re2ob-80bf4d093e6ab818,cpu,productcatalogservice,2,1,1.1089609824676527,1,0.9931346955966056,1,1.7194615826704194,unchanged,unchanged,0,0,0,0,0,0,0,0,0,0,0,0
re2ob,re2ob-84724d7aa2b9dabd,cpu,recommendationservice,0,1,6.743701780701398,1,8.885168410910534,1,13.105999351576331,unchanged,unchanged,0,0,0,0,0,0,0,0,0,0,0,0
re2ob,re2ob-8f991393cb9debdf,loss,emailservice,1,1,1.1264181034043625,1,0.151178498178548,1,0.49658296801306356,unchanged,unchanged,0,0,0,0,0,0,0,0,0,0,0,0
re2ob,re2ob-93de1fab2ca56e86,mem,emailservice,2,1,5.572462241242019,1,4.810451640723464,1,3.1070166441488105,unchanged,unchanged,0,0,0,0,0,0,0,0,0,0,0,0
re2ob,re2ob-97935dcb7cfd6e82,mem,emailservice,0,1,15.0078633714795,1,11.312110784676973,1,15.44287032562476,unchanged,unchanged,0,0,0,0,0,0,0,0,0,0,0,0
re2ob,re2ob-9e575f44de987a1a,cpu,checkoutservice,0,1,1.8736264944952117,1,2.510678662096531,1,3.786649070856484,unchanged,unchanged,0,0,0,0,0,0,0,0,0,0,0,0
re2ob,re2ob-a6318b7e89546125,disk,checkoutservice,2,1,1.7787654481371673,1,3.4787764682797704,1,11.444613710734506,unchanged,unchanged,0,0,0,0,0,0,0,0,0,0,0,0
re2ob,re2ob-a84cfdf477d8bf62,loss,currencyservice,0,9,-6.412231497125887,9,-5.9705472570915745,4,-3.7856724130907615,unchanged,improved,0,0,0,0,0,0,0,0,0,0,1,0
re2ob,re2ob-abc29368674e8298,mem,checkoutservice,2,1,3.3920272119120636,1,4.4791648084382025,1,8.902431118373432,unchanged,unchanged,0,0,0,0,0,0,0,0,0,0,0,0
re2ob,re2ob-acf69e21960f63d8,loss,currencyservice,2,6,-1.8665439183259025,3,-1.2187719502008525,6,-3.9151702791992475,improved,unchanged,0,0,0,0,1,0,0,0,1,0,0,0
re2ob,re2ob-af1b6a7e1667e3f5,mem,currencyservice,2,1,0.09955427764845926,2,-0.7513947870751752,3,-6.272399316103284,degraded,degraded,0,1,0,1,0,0,0,0,0,0,0,0
re2ob,re2ob-b17ce68eb2ce01ee,mem,checkoutservice,0,1,1.537909200987749,1,4.978752145146481,1,5.5762668238348105,unchanged,unchanged,0,0,0,0,0,0,0,0,0,0,0,0
re2ob,re2ob-b6db72fc58931786,delay,productcatalogservice,1,1,1.0711738149771524,1,4.150253461052861,1,4.737690360088438,unchanged,unchanged,0,0,0,0,0,0,0,0,0,0,0,0
re2ob,re2ob-b78a14faa7ea7263,socket,productcatalogservice,2,1,5.411772097442285,1,2.4039614368158038,1,7.025539659270807,unchanged,unchanged,0,0,0,0,0,0,0,0,0,0,0,0
re2ob,re2ob-b84066a37ca0c417,socket,productcatalogservice,1,1,3.6612757066879675,1,5.043907686726513,1,4.429505428798805,unchanged,unchanged,0,0,0,0,0,0,0,0,0,0,0,0
re2ob,re2ob-bb4a5b75716772f9,loss,emailservice,0,1,4.5924314379892,1,7.26284720067553,1,7.81458981885385,unchanged,unchanged,0,0,0,0,0,0,0,0,0,0,0,0
re2ob,re2ob-bd6f4fb8e84ccb69,socket,currencyservice,0,2,-2.6691584958024768,2,-2.7013133774908527,2,-9.183022631953676,unchanged,unchanged,0,0,0,0,0,0,0,0,0,0,0,0
re2ob,re2ob-c2ac02db4e3370a9,disk,productcatalogservice,2,1,0.9106711757620607,1,0.770622636971872,1,0.8811618935080574,unchanged,unchanged,0,0,0,0,0,0,0,0,0,0,0,0
re2ob,re2ob-c9c8f348d3f5974b,loss,recommendationservice,0,1,21.83457024701589,1,17.92561353508681,1,22.717307173914314,unchanged,unchanged,0,0,0,0,0,0,0,0,0,0,0,0
re2ob,re2ob-ca26cbb7c2cc0c87,delay,recommendationservice,0,1,2.309292975154083,1,4.114367206724033,1,7.0427727668964,unchanged,unchanged,0,0,0,0,0,0,0,0,0,0,0,0
re2ob,re2ob-ce3f410f61f739c2,mem,recommendationservice,1,1,2.6789795286395606,1,4.353402050451143,1,9.190322856479508,unchanged,unchanged,0,0,0,0,0,0,0,0,0,0,0,0
re2ob,re2ob-ce93ebf8eb13a5ed,socket,recommendationservice,2,1,3.5817215605850334,1,6.194699375923751,1,15.24453108257386,unchanged,unchanged,0,0,0,0,0,0,0,0,0,0,0,0
re2ob,re2ob-cec5183e3f5418cf,cpu,currencyservice,0,1,0.21446904035872372,1,1.5532592885311276,3,-3.7215182895800254,unchanged,degraded,0,0,0,1,0,0,0,0,0,0,0,0
re2ob,re2ob-d0382ea6cedfbd82,mem,productcatalogservice,2,1,2.2056643391162556,1,1.7469628840573046,1,1.7017592429799233,unchanged,unchanged,0,0,0,0,0,0,0,0,0,0,0,0
re2ob,re2ob-d0d93705e784491a,disk,productcatalogservice,1,1,0.6613433233207617,1,1.6895225723906435,1,2.8274598572240137,unchanged,unchanged,0,0,0,0,0,0,0,0,0,0,0,0
re2ob,re2ob-d3f1403a4a08a3b1,cpu,productcatalogservice,0,1,0.8553593521471123,1,2.3387847458170707,1,1.3194616422964813,unchanged,unchanged,0,0,0,0,0,0,0,0,0,0,0,0
re2ob,re2ob-d7f2f8eb2f0ad646,delay,emailservice,1,1,2.934880694700059,1,3.2482673778083733,1,4.890554363910551,unchanged,unchanged,0,0,0,0,0,0,0,0,0,0,0,0
re2ob,re2ob-da48e150772a24fd,cpu,currencyservice,1,2,-0.1308876439166653,1,0.6031230928638482,1,0.17497074430474058,improved,improved,1,0,1,0,0,0,0,0,0,0,0,0
re2ob,re2ob-df7b6eca09a6c41f,loss,recommendationservice,1,1,3.9547337545235868,1,4.369314427396203,1,5.6094331137335995,unchanged,unchanged,0,0,0,0,0,0,0,0,0,0,0,0
re2ob,re2ob-df7e831dddfac76c,delay,emailservice,2,1,0.26063430403118915,1,0.6467057337089503,1,2.739523459023358,unchanged,unchanged,0,0,0,0,0,0,0,0,0,0,0,0
re2ob,re2ob-e16e6de30ae75ccd,cpu,emailservice,2,1,2.7613072040978017,1,6.747675622240767,1,5.07262433255659,unchanged,unchanged,0,0,0,0,0,0,0,0,0,0,0,0
re2ob,re2ob-e357bd8aec246cdb,socket,currencyservice,2,1,0.7275730859289933,2,-0.38243825539237797,2,-0.35303427611890825,degraded,degraded,0,1,0,1,0,0,0,0,0,0,0,0
re2ob,re2ob-e849d2be7be5c713,socket,recommendationservice,0,4,-2.397617867424951,1,1.6009523016881984,1,2.1765237664475467,improved,improved,1,0,1,0,1,0,1,0,0,0,0,0
re2ob,re2ob-eb8f50fda4f9095f,disk,currencyservice,1,1,0.04960461386500015,1,2.098052502774298,1,4.836394670093197,unchanged,unchanged,0,0,0,0,0,0,0,0,0,0,0,0
re2ob,re2ob-f209212fc63ac713,mem,emailservice,1,1,3.647704477189553,1,3.5585972617965345,1,1.476905006982074,unchanged,unchanged,0,0,0,0,0,0,0,0,0,0,0,0
re2ob,re2ob-f2b4cc2f87b35c03,disk,recommendationservice,2,1,7.213860083864625,1,9.007703807130252,1,10.96884901949624,unchanged,unchanged,0,0,0,0,0,0,0,0,0,0,0,0
re2ob,re2ob-f30e2feeaa5218b8,delay,productcatalogservice,2,1,1.161662923966536,1,3.911964791489254,1,1.40937042108032,unchanged,unchanged,0,0,0,0,0,0,0,0,0,0,0,0
re2ob,re2ob-f874f110aae8efa9,delay,currencyservice,0,3,-1.95079465624437,1,1.9998540247263783,1,6.504491531598603,improved,improved,1,0,1,0,0,0,0,0,0,0,0,0
re2ob,re2ob-f88fc943d724a354,socket,productcatalogservice,0,1,1.976843494108735,1,3.1155570358031586,1,8.305545326028291,unchanged,unchanged,0,0,0,0,0,0,0,0,0,0,0,0
re2ob,re2ob-fa8a8fae0fda7c42,cpu,recommendationservice,1,1,2.944420917387008,1,2.8743355419164995,1,6.851337278574257,unchanged,unchanged,0,0,0,0,0,0,0,0,0,0,0,0
re2ob,re2ob-fd67c49516fa2028,cpu,currencyservice,2,3,-0.2870091889556381,2,-0.5670575590900029,3,-0.8345203270875006,improved,unchanged,0,0,0,0,0,0,0,0,0,0,0,0
re2ob,re2ob-feeaaba6c71377df,loss,productcatalogservice,1,1,8.236219043110989,1,10.343472207372105,1,12.692335296674278,unchanged,unchanged,0,0,0,0,0,0,0,0,0,0,0,0
re2tt,re2tt-010695b192f8dbea,disk,ts-route-service,2,1,98.05824565606656,1,69.48434694769969,1,41.09801337026387,unchanged,unchanged,0,0,0,0,0,0,0,0,0,0,0,0
re2tt,re2tt-01d0096e9a504ced,loss,ts-auth-service,2,17,-2.813388287773998,4,-1.834668628723806,40,-17.414796503475777,improved,degraded,0,0,0,0,0,0,0,0,1,0,0,0
re2tt,re2tt-04ce93a682b70df6,mem,ts-train-service,1,7,-2.0825482707297587,3,-0.7766512398923862,2,-1.7443428619329193,improved,improved,0,0,0,0,1,0,1,0,1,0,1,0
re2tt,re2tt-0b529d9f6ca88d4b,cpu,ts-auth-service,2,1,0.8794454566374963,1,5.169118498772312,1,5.706578403879217,unchanged,unchanged,0,0,0,0,0,0,0,0,0,0,0,0
re2tt,re2tt-0f6b6213169d6acc,socket,ts-order-service,2,1,0.8990208876673398,1,1.3506358029581955,1,8.111918700686216,unchanged,unchanged,0,0,0,0,0,0,0,0,0,0,0,0
re2tt,re2tt-1283c56ed7675282,delay,ts-travel-service,0,4,-0.9364705650269105,4,-1.1410049714248487,10,-6.194196358234507,unchanged,degraded,0,0,0,0,0,0,0,0,0,0,0,1
re2tt,re2tt-14c6e1b70d0c21e5,loss,ts-auth-service,1,2,-0.02105986588238018,13,-2.190753235836274,7,-5.629652971335184,degraded,degraded,0,0,0,0,0,1,0,1,0,1,0,1
re2tt,re2tt-1d48b3aec1ec4470,disk,ts-auth-service,2,1,71.44760198295631,1,50.500304262797556,1,29.45162540092322,unchanged,unchanged,0,0,0,0,0,0,0,0,0,0,0,0
re2tt,re2tt-20258ce8dbcd2300,loss,ts-travel-service,0,4,-0.5098541251283075,4,-1.6728165983074552,1,5.47709421422886,unchanged,improved,0,0,1,0,0,0,1,0,0,0,0,0
re2tt,re2tt-22292d58b67911fb,mem,ts-order-service,1,1,0.6373418614595572,1,1.5037550578881742,1,2.2580623476091084,unchanged,unchanged,0,0,0,0,0,0,0,0,0,0,0,0
re2tt,re2tt-2782358136a64e6c,disk,ts-auth-service,1,1,97.67566472537433,1,67.56726671220818,1,39.09062852678174,unchanged,unchanged,0,0,0,0,0,0,0,0,0,0,0,0
re2tt,re2tt-2a03e4ad1a1d6f85,cpu,ts-train-service,0,7,-1.9943777443008295,1,0.38592292986962384,1,3.3682910348878092,improved,improved,1,0,1,0,1,0,1,0,1,0,1,0
re2tt,re2tt-2ae0e149b3ab15f1,socket,ts-order-service,1,1,1.3645040767292516,1,3.203718769112231,1,7.510165300475315,unchanged,unchanged,0,0,0,0,0,0,0,0,0,0,0,0
re2tt,re2tt-2ca7cff33586ca18,socket,ts-train-service,0,1,0.18121514454218346,1,1.0127658523677354,1,1.6298616031726354,unchanged,unchanged,0,0,0,0,0,0,0,0,0,0,0,0
re2tt,re2tt-2defd6e102bdaf53,cpu,ts-train-service,2,4,-2.1206190966875242,1,2.3237564259269927,1,5.058214498228434,improved,improved,1,0,1,0,1,0,1,0,0,0,0,0
re2tt,re2tt-2fc3d2fb9c492b7c,mem,ts-train-service,0,9,-1.843044110664441,4,-0.4672247076556477,4,-6.889760151855979,improved,improved,0,0,0,0,0,0,0,0,1,0,1,0
re2tt,re2tt-35e803c63786ac4e,delay,ts-route-service,1,1,0.0224089746426408,4,-2.3164896518662355,5,-5.169177969645336,degraded,degraded,0,1,0,1,0,1,0,1,0,0,0,0
re2tt,re2tt-38941ca70beb687a,delay,ts-train-service,0,1,0.7443340181986997,1,0.7888814362790413,1,4.219706929761244,unchanged,unchanged,0,0,0,0,0,0,0,0,0,0,0,0
re2tt,re2tt-3bd96ed8cc02f613,delay,ts-train-service,1,5,-1.9708621685942562,2,-0.05751406224929312,2,-0.4454195721328418,improved,improved,0,0,0,0,1,0,1,0,0,0,0,0
re2tt,re2tt-3e24ca7f9747c84e,socket,ts-travel-service,2,2,-0.08853458157344374,1,1.247354344264501,2,-4.2978532326004615,improved,unchanged,1,0,0,0,0,0,0,0,0,0,0,0
re2tt,re2tt-3fffa88dd3653f99,socket,ts-travel-service,1,2,-0.44174127710353517,1,0.21526596560553202,20,-12.862135516119494,improved,degraded,1,0,0,0,0,0,0,1,0,0,0,1
re2tt,re2tt-406c40ff0016fa9c,mem,ts-train-service,2,10,-0.8918357411118913,1,0.06354324181311988,3,-4.581874924558669,improved,improved,1,0,0,0,1,0,1,0,1,0,1,0
re2tt,re2tt-420fff915c5f5bc5,mem,ts-route-service,0,1,0.14679733927747662,3,-0.25923313291904826,37,-15.28414455323506,degraded,degraded,0,1,0,1,0,0,0,1,0,0,0,1
re2tt,re2tt-426ec979883ae8dc,delay,ts-order-service,1,1,0.25320665796382347,1,1.1668903741123184,1,0.5590571318949529,unchanged,unchanged,0,0,0,0,0,0,0,0,0,0,0,0
re2tt,re2tt-44604ef8713a5943,loss,ts-order-service,2,1,0.054643331498469117,1,0.6654052571517095,19,-8.374875045451203,unchanged,degraded,0,0,0,1,0,0,0,1,0,0,0,1
re2tt,re2tt-472c8339fd3703e9,cpu,ts-route-service,2,2,-0.7653550799233217,1,1.6491332627722919,1,0.5608148660883572,improved,improved,1,0,1,0,0,0,0,0,0,0,0,0
re2tt,re2tt-4780a4f90c190bf4,disk,ts-travel-service,2,1,106.76204784870754,1,70.36935933531184,1,39.811519791236556,unchanged,unchanged,0,0,0,0,0,0,0,0,0,0,0,0
re2tt,re2tt-56db4956167f9980,cpu,ts-travel-service,0,1,5.386046595821924,1,8.117270481663363,1,11.432769609460177,unchanged,unchanged,0,0,0,0,0,0,0,0,0,0,0,0
re2tt,re2tt-575015aa80c376c6,loss,ts-route-service,1,7,-0.6302673004450963,1,1.3185556637826883,1,3.1957671435574913,improved,improved,1,0,1,0,1,0,1,0,1,0,1,0
re2tt,re2tt-5a65eea398ba8435,delay,ts-train-service,2,3,-1.1990606901519065,1,0.004754872213981187,2,-1.9029714584027495,improved,improved,1,0,0,0,0,0,0,0,0,0,0,0
re2tt,re2tt-5bb89b87741349d7,cpu,ts-order-service,2,1,0.5935981595056727,1,0.5112742485693191,2,-5.136901447476051,unchanged,degraded,0,0,0,1,0,0,0,0,0,0,0,0
re2tt,re2tt-5d2e4747cab0d818,socket,ts-order-service,0,1,0.20013567253531583,1,0.57388659129297,2,-1.1028940722906597,unchanged,degraded,0,0,0,1,0,0,0,0,0,0,0,0
re2tt,re2tt-5f50dc54f6cb9fce,socket,ts-route-service,0,3,-0.48043143846711356,1,0.04957946080289233,6,-9.392861748886597,improved,degraded,1,0,0,0,0,0,0,1,0,0,0,1
re2tt,re2tt-606ef267348d40e5,delay,ts-route-service,0,3,-1.101301495228137,2,-0.5178056420698853,1,3.101214657299888,improved,improved,0,0,1,0,0,0,0,0,0,0,0,0
re2tt,re2tt-653810995a9aa3db,mem,ts-auth-service,2,1,0.2971575972472271,2,-0.011834661576775929,20,-8.258729107229627,degraded,degraded,0,1,0,1,0,0,0,1,0,0,0,1
re2tt,re2tt-67172e499653d426,socket,ts-route-service,1,1,11.634255480397558,1,8.800195505093297,1,11.905976292737638,unchanged,unchanged,0,0,0,0,0,0,0,0,0,0,0,0
re2tt,re2tt-6a0d1ebf31fb52a6,loss,ts-auth-service,0,1,0.47099746199292536,1,0.3553909021834656,2,-4.432958105714141,unchanged,degraded,0,0,0,1,0,0,0,0,0,0,0,0
re2tt,re2tt-714d157727edd2d0,cpu,ts-route-service,1,3,-0.20973674579538315,1,1.7468431088698804,13,-2.584516810444546,improved,degraded,1,0,0,0,0,0,0,1,0,0,0,1
re2tt,re2tt-722f5f89a57be699,mem,ts-travel-service,0,1,0.8282487991981586,1,1.6894679031286302,7,-13.19930947119946,unchanged,degraded,0,0,0,1,0,0,0,1,0,0,0,1
re2tt,re2tt-727331fee88d4ce7,loss,ts-route-service,2,1,1.255851244231521,1,2.0807388908756312,2,-4.899555007332051,unchanged,degraded,0,0,0,1,0,0,0,0,0,0,0,0
re2tt,re2tt-72822d018b0df53f,mem,ts-order-service,0,1,0.6794030202148482,1,1.7059844582918728,2,-6.445310683897446,unchanged,degraded,0,0,0,1,0,0,0,0,0,0,0,0
re2tt,re2tt-739ad24f1e2d7c29,delay,ts-travel-service,1,2,-0.15389375447444475,5,-1.774790973999398,1,4.56432138254398,degraded,improved,0,0,1,0,0,1,0,0,0,0,0,0
re2tt,re2tt-783d045c8102f972,delay,ts-auth-service,0,1,0.11794632699924357,1,2.6057316908705968,1,8.155285120216668,unchanged,unchanged,0,0,0,0,0,0,0,0,0,0,0,0
re2tt,re2tt-7cff180e5ff1cc71,loss,ts-train-service,1,7,-2.3156602075604997,3,-0.7925331892646961,1,0.24021917537271875,improved,improved,0,0,1,0,1,0,1,0,1,0,1,0
re2tt,re2tt-7d3fb265c1c0f9ed,cpu,ts-train-service,1,6,-2.4450323417935866,2,-1.1618349219633721,1,2.0927484680605932,improved,improved,0,0,1,0,1,0,1,0,1,0,1,0
re2tt,re2tt-7d84c0b80f7f0032,disk,ts-order-service,1,1,97.68970738158166,1,63.47220565962404,1,26.756603958603748,unchanged,unchanged,0,0,0,0,0,0,0,0,0,0,0,0
re2tt,re2tt-877f6cbd0cb33e7c,loss,ts-train-service,0,5,-2.5816158184508176,2,-1.6520710184629142,1,0.5192451529947029,improved,improved,0,0,1,0,1,0,1,0,0,0,0,0
re2tt,re2tt-93fbbdf23f58f440,cpu,ts-route-service,0,6,-1.7764981515316727,2,-0.6690244167592532,5,-2.085931924801944,improved,improved,0,0,0,0,1,0,0,0,1,0,1,0
re2tt,re2tt-94bd05feab03461e,loss,ts-route-service,0,2,-1.591929431696851,1,0.9492158331633167,1,0.9654408362855342,improved,improved,1,0,1,0,0,0,0,0,0,0,0,0
re2tt,re2tt-995607e863fb7731,disk,ts-order-service,2,1,136.66238119568496,1,90.31705495253692,1,44.56080789586227,unchanged,unchanged,0,0,0,0,0,0,0,0,0,0,0,0
re2tt,re2tt-a0c0a90c5448e7fa,cpu,ts-auth-service,1,1,0.56123772869757,1,1.4193752084105444,1,6.668228289437119,unchanged,unchanged,0,0,0,0,0,0,0,0,0,0,0,0
re2tt,re2tt-a141811c79edaa0b,delay,ts-route-service,2,2,-0.5568272602059237,4,-1.279789046697747,4,-1.112900512876962,degraded,degraded,0,0,0,0,0,1,0,1,0,0,0,0
re2tt,re2tt-a33887653c475d04,mem,ts-route-service,2,2,-0.0727470929242271,1,0.3635970887989739,3,-7.5777239765888496,improved,degraded,1,0,0,0,0,0,0,0,0,0,0,0
re2tt,re2tt-a7213c3da47edbd0,socket,ts-train-service,1,4,-2.24223567548819,1,0.6860507625967855,1,5.13255280610821,improved,improved,1,0,1,0,1,0,1,0,0,0,0,0
re2tt,re2tt-aa71e41ec8e7922d,socket,ts-auth-service,1,1,2.2382608489552105,1,4.2459804237634495,8,-9.209878887058895,unchanged,degraded,0,0,0,1,0,0,0,1,0,0,0,1
re2tt,re2tt-ae09714023e727e1,mem,ts-auth-service,1,1,1.3439611151782591,1,1.004779435913214,7,-8.093224047195868,unchanged,degraded,0,0,0,1,0,0,0,1,0,0,0,1
re2tt,re2tt-afdac60e6b000d3c,loss,ts-order-service,0,1,0.12148966074015899,5,-1.1540040719667513,5,-1.6820781204022026,degraded,degraded,0,1,0,1,0,1,0,1,0,0,0,0
re2tt,re2tt-b2342b2478b249cb,disk,ts-train-service,0,1,205.13207374095438,1,136.93612931521258,1,63.100003539264115,unchanged,unchanged,0,0,0,0,0,0,0,0,0,0,0,0
re2tt,re2tt-b5173d4edf252af8,disk,ts-route-service,0,1,123.88844804306396,1,89.90933326763485,1,51.676476101692565,unchanged,unchanged,0,0,0,0,0,0,0,0,0,0,0,0
re2tt,re2tt-bbbcbf7787fa152c,mem,ts-auth-service,0,1,1.7278933920121586,1,2.03177212928742,1,1.621440507984797,unchanged,unchanged,0,0,0,0,0,0,0,0,0,0,0,0
re2tt,re2tt-bc9cd2d131533d16,mem,ts-travel-service,1,1,0.11988663217537265,1,2.0393973726624433,1,1.925502684657964,unchanged,unchanged,0,0,0,0,0,0,0,0,0,0,0,0
re2tt,re2tt-bed634aec03e773f,socket,ts-travel-service,0,2,-0.04495438367209559,1,1.3003693481292906,1,3.07116684199017,improved,improved,1,0,1,0,0,0,0,0,0,0,0,0
re2tt,re2tt-c1b234f6cc4acbee,disk,ts-auth-service,0,1,87.32667069105261,1,60.99377769016536,1,32.19049318123112,unchanged,unchanged,0,0,0,0,0,0,0,0,0,0,0,0
re2tt,re2tt-c7f9112580bfde33,disk,ts-train-service,1,1,93.31895231925364,1,59.477769738472865,1,34.351598101776425,unchanged,unchanged,0,0,0,0,0,0,0,0,0,0,0,0
re2tt,re2tt-c82529d65e13adc0,socket,ts-auth-service,0,1,4.910455085744827,1,4.631689827419331,1,8.254006617036222,unchanged,unchanged,0,0,0,0,0,0,0,0,0,0,0,0
re2tt,re2tt-c8fbd9a7d1e92284,disk,ts-travel-service,0,1,126.74012083240342,1,89.14990390544192,1,36.41206566565602,unchanged,unchanged,0,0,0,0,0,0,0,0,0,0,0,0
re2tt,re2tt-cb1f1df38c99005a,socket,ts-auth-service,2,2,-0.3846743541220645,1,1.046239111432607,3,-4.427061348472456,improved,degraded,1,0,0,0,0,0,0,0,0,0,0,0
re2tt,re2tt-cb3381bf9ed05034,loss,ts-travel-service,1,3,-0.7789811341708761,11,-5.768532803477221,31,-14.240723865905872,degraded,degraded,0,0,0,0,0,1,0,1,0,1,0,1
re2tt,re2tt-cc6c772d4116d054,delay,ts-auth-service,2,10,-1.0193345892938561,13,-4.944409334079416,20,-10.546823995145777,degraded,degraded,0,0,0,0,0,0,0,0,0,0,0,0
re2tt,re2tt-cdf514b035f34990,disk,ts-order-service,0,1,147.11245982672335,1,98.79996911463704,1,45.41169704763111,unchanged,unchanged,0,0,0,0,0,0,0,0,0,0,0,0
re2tt,re2tt-d0a74725c5d96362,delay,ts-order-service,2,1,0.6284956065204019,1,4.541165312122981,1,15.018919602786646,unchanged,unchanged,0,0,0,0,0,0,0,0,0,0,0,0
re2tt,re2tt-d14727a3c74e9768,socket,ts-route-service,2,4,-0.34790764350417636,1,2.311863352158724,1,4.335554931987566,improved,improved,1,0,1,0,1,0,1,0,0,0,0,0
re2tt,re2tt-d4b1d66aaaa1a728,cpu,ts-order-service,1,1,1.300709618919412,1,4.106390910161157,1,1.9852018659365136,unchanged,unchanged,0,0,0,0,0,0,0,0,0,0,0,0
re2tt,re2tt-d83931768111dc58,disk,ts-travel-service,1,1,101.19624647181024,1,65.60108777895412,1,46.84161893283918,unchanged,unchanged,0,0,0,0,0,0,0,0,0,0,0,0
re2tt,re2tt-e3f89de859062727,cpu,ts-travel-service,2,2,-0.007923345363969325,1,0.6855381046244151,1,1.5021969731230023,improved,improved,1,0,1,0,0,0,0,0,0,0,0,0
re2tt,re2tt-e44ccb97e7cc1570,cpu,ts-auth-service,0,1,0.9207698473589021,1,5.4282402640422305,2,-2.671495095044289,unchanged,degraded,0,0,0,1,0,0,0,0,0,0,0,0
re2tt,re2tt-e4be9aa8e249ddf3,delay,ts-order-service,0,2,-0.5076479546140176,3,-0.5411329380779675,1,1.0566204918073918,degraded,improved,0,0,1,0,0,0,0,0,0,0,0,0
re2tt,re2tt-e76e500ff655313b,delay,ts-auth-service,1,11,-1.1245532888531233,34,-5.308268078472927,58,-15.498307382467246,degraded,degraded,0,0,0,0,0,0,0,0,0,0,0,0
re2tt,re2tt-e9071bdee1904785,loss,ts-travel-service,2,3,-0.5248340965289868,3,-1.7035400429357095,2,-1.558633657237845,unchanged,improved,0,0,0,0,0,0,0,0,0,0,0,0
re2tt,re2tt-ee2421859dfb0792,loss,ts-order-service,1,2,-0.3306680595694216,3,-0.8284708464132224,3,-0.5496014646950176,degraded,degraded,0,0,0,0,0,0,0,0,0,0,0,0
re2tt,re2tt-f09cbf3636ad02de,cpu,ts-travel-service,1,1,0.023638614766515076,1,3.5425257338269986,1,6.6886195765031164,unchanged,unchanged,0,0,0,0,0,0,0,0,0,0,0,0
re2tt,re2tt-f1aa29dd3ba2343f,socket,ts-train-service,2,1,15.180531368853696,1,7.06066322733777,1,20.127856725865808,unchanged,unchanged,0,0,0,0,0,0,0,0,0,0,0,0
re2tt,re2tt-f5512e2434f96386,mem,ts-route-service,1,1,0.12902262732911396,2,-0.07759763967671063,6,-7.849755226013123,degraded,degraded,0,1,0,1,0,0,0,1,0,0,0,1
re2tt,re2tt-f578fe138f6d4c7a,mem,ts-travel-service,2,1,0.31049049629967485,1,1.2672358303777873,7,-8.34160408597787,unchanged,degraded,0,0,0,1,0,0,0,1,0,0,0,1
re2tt,re2tt-fa81461ebec56b42,disk,ts-train-service,2,1,118.62572816617474,1,77.35744043206353,1,37.23400943683248,unchanged,unchanged,0,0,0,0,0,0,0,0,0,0,0,0
re2tt,re2tt-fb57d883cd727c81,delay,ts-travel-service,2,1,0.3115972902466453,4,-1.7985592699331345,12,-15.765712677632111,degraded,degraded,0,1,0,1,0,1,0,1,0,0,0,1
re2tt,re2tt-fc53b7fb52199fb7,mem,ts-order-service,2,1,0.3792245674592243,1,1.6402775685026239,2,-0.7464287511381293,unchanged,degraded,0,0,0,1,0,0,0,0,0,0,0,0
re2tt,re2tt-fd20b1f93a6ff4c0,disk,ts-route-service,1,1,124.14287478560797,1,78.37340953484495,1,41.50796246388672,unchanged,unchanged,0,0,0,0,0,0,0,0,0,0,0,0
re2tt,re2tt-fe28a6c0dbd7d892,cpu,ts-order-service,0,1,2.720078525227213,1,1.6601895073029906,17,-8.220171843887687,unchanged,degraded,0,0,0,1,0,0,0,1,0,0,0,1
re2tt,re2tt-ffda523857bbf5c2,loss,ts-train-service,2,13,-2.481879202603359,2,-1.6985426568185513,1,2.220790879272334,improved,improved,0,0,1,0,1,0,1,0,1,0,1,0
