path,source_commit,git_blob_sha,sha256,role,canonicality,used_for
scripts/audit_anchor_feasibility.py,9342e06db91945be2e44703437229ba45b18bda8,78afeb5f25605ceec7e11e2f22bb1cc2607e5979,adcfc73945c230d413d88bdb584fd8d9679be0691f6189ef93d8863f40e7fffe,experiment/audit producer script,EVIDENCE_PRODUCER,P3/P4/optimization/final audit provenance
scripts/p3_a05_extract.py,9342e06db91945be2e44703437229ba45b18bda8,c9f8d3ac4828c2c237185ca355d9fc69f7538608,027da0b06ea3731e45860dd46bd4aedfb855ed3c91e82e3de3b344941bdcff3b,experiment/audit producer script,EVIDENCE_PRODUCER,P3/P4/optimization/final audit provenance
scripts/p3_a0_audit.py,9342e06db91945be2e44703437229ba45b18bda8,b16cb4729b27a1e8cd3a0e2be4d5edbfd80b32b6,0d7d3d4f6536305095d4475a4d79b0a298cf6c4d89edb46c525890912ff508e1,experiment/audit producer script,EVIDENCE_PRODUCER,P3/P4/optimization/final audit provenance
scripts/p3_a0_manifests.py,9342e06db91945be2e44703437229ba45b18bda8,df014028baf40545c385d31e7dcda14a1c269750,6c135492647de8d19690d77a6b0f709e90f939acb31dc2650b5b83919a6d8a92,experiment/audit producer script,EVIDENCE_PRODUCER,P3/P4/optimization/final audit provenance
scripts/p3_a0_splits.py,9342e06db91945be2e44703437229ba45b18bda8,13b8c2b4e666160c91bd66b031ea1f56c12f71af,5f221b229dce97af58984ec135427a945b48a87d0fe81c71f9dacbf2423a0ccc,experiment/audit producer script,EVIDENCE_PRODUCER,P3/P4/optimization/final audit provenance
scripts/p3_a1_magnitude_audit.py,9342e06db91945be2e44703437229ba45b18bda8,028bb777bb6a4a41eb47c594f6c22b7e143cc5bc,c0fe62e125b9a0fd5279f29be840c43b4a8cbad024e9cef73c45594ebc8f6223,experiment/audit producer script,EVIDENCE_PRODUCER,P3/P4/optimization/final audit provenance
scripts/p3_a2_zero_models.py,9342e06db91945be2e44703437229ba45b18bda8,24fb972acbfbc227361d476f4e30be01bd62639f,f328da325f55543849566448023dfd7274d73256b416b4425e9a76c322ec1060,experiment/audit producer script,EVIDENCE_PRODUCER,P3/P4/optimization/final audit provenance
scripts/p3_g1_bootstrap.py,9342e06db91945be2e44703437229ba45b18bda8,bf2212a4be31b387d5d1b5783d23a56b43067ca2,8ba9d50aa781cf571c3844e5b6bdd516a14730ca9c936e6093e4546598d8d8dd,experiment/audit producer script,EVIDENCE_PRODUCER,P3/P4/optimization/final audit provenance
scripts/p3_postmortem.py,9342e06db91945be2e44703437229ba45b18bda8,fac8b5f050041d00d33e58e894fb7b26f1bda865,54c23372a07e8238615acc2d6faa3aba34e0cbe07ecddf55ee516107c5a8e26f,experiment/audit producer script,EVIDENCE_PRODUCER,P3/P4/optimization/final audit provenance
scripts/p3_r0_audit.py,9342e06db91945be2e44703437229ba45b18bda8,1b6fa601b1cd56a220bd95b21575f67d58934f7d,8310b8ebd229b20f846c56f610ce5c56ca8fc1574133375aa026331222354428,experiment/audit producer script,EVIDENCE_PRODUCER,P3/P4/optimization/final audit provenance
scripts/p4_g0_bootstrap.py,9342e06db91945be2e44703437229ba45b18bda8,095deb309ecf34217920e7437ac8f49416752002,0beb17313f352a9453eeb9fe836639afdc760c2566846eb75f568cee2af8e561,experiment/audit producer script,EVIDENCE_PRODUCER,P3/P4/optimization/final audit provenance
scripts/p4_g0_diagnostics.py,9342e06db91945be2e44703437229ba45b18bda8,f3668e22694b7861cdb70e305f434cf7f9374b01,ee4185ffc878f9802556a64c96f9feb2e5a3a07cd4b37cab8007495bcd648aa4,experiment/audit producer script,EVIDENCE_PRODUCER,P3/P4/optimization/final audit provenance
scripts/run_evidence_closure_final.py,9342e06db91945be2e44703437229ba45b18bda8,d1033ddf07aed250dad06a1f681fa2f710eb16f1,e7098886d7b179c69e5d45787d92d7c4b662643d956490db3cacccd5be1bf212,experiment/audit producer script,EVIDENCE_PRODUCER,P3/P4/optimization/final audit provenance
scripts/run_evidence_closure_gate0.py,9342e06db91945be2e44703437229ba45b18bda8,6d2fec0f18334bd76a068513ed4b3ff014a5fc1e,46512c1d6d33751b8947d4ff9d89fa4ee8d2092b548c74e79206f7ced3a97c37,experiment/audit producer script,EVIDENCE_PRODUCER,P3/P4/optimization/final audit provenance
scripts/run_evidence_closure_gate1.py,9342e06db91945be2e44703437229ba45b18bda8,4804991889cfd244eedb1c4342aacb812d1b7886,236334db7a3d039d3134c8f5bbdbde1ac7ecd7e783328ebd113fd37944d2c712,experiment/audit producer script,EVIDENCE_PRODUCER,P3/P4/optimization/final audit provenance
scripts/run_evidence_closure_gate2.py,9342e06db91945be2e44703437229ba45b18bda8,2c1900ca6e9d24d6b004004d327d97cbf6cd5bbf,64cbffcf775a773ad2fc320af5195b64e879baf1d11d52d5619408386983335b,experiment/audit producer script,EVIDENCE_PRODUCER,P3/P4/optimization/final audit provenance
scripts/run_evidence_closure_gate3.py,9342e06db91945be2e44703437229ba45b18bda8,a514337f6c8464a1c0e824d110781a48ee105c02,7039ad4625dc3ff7ef3263ea4a88962a544724ce48492110ad8e68b75999b37e,experiment/audit producer script,EVIDENCE_PRODUCER,P3/P4/optimization/final audit provenance
scripts/run_evidence_closure_gate4.py,9342e06db91945be2e44703437229ba45b18bda8,5ea6997482e354f425197962645fd29bfb9e123b,8370ffb0161f5c5d0380f521934efc310d6afbc3ae463a8f2e3d7564c9c1b750,experiment/audit producer script,EVIDENCE_PRODUCER,P3/P4/optimization/final audit provenance
scripts/run_evidence_semantic_correction.py,9342e06db91945be2e44703437229ba45b18bda8,a8dffa75548456276423a16aa9cb8fdb54b8dddc,8cf4d91a19a5f133100f7db9d6ead55f75e75ced7819ddb42a4128ddde8202b3,experiment/audit producer script,EVIDENCE_PRODUCER,P3/P4/optimization/final audit provenance
scripts/run_final_controls.py,9342e06db91945be2e44703437229ba45b18bda8,f93f485c69266e8cdfe9980264e7da580491cc16,5ab4d8cf1a07e047314c1cb2ab3d3a313c8afe08d56f0b4e52ac9ba80af78fe9,experiment/audit producer script,EVIDENCE_PRODUCER,P3/P4/optimization/final audit provenance
scripts/run_final_method.py,9342e06db91945be2e44703437229ba45b18bda8,d60c7f647332b6fa74fd767e49cca6037bfb66b7,3f97a76d2bb2af2e7709195f52105b610878ba5ca6328afe8ada1c0a6bf52584,experiment/audit producer script,EVIDENCE_PRODUCER,P3/P4/optimization/final audit provenance
scripts/run_opt_nested.py,9342e06db91945be2e44703437229ba45b18bda8,2abb2943d44d40b362415184b392ba52e37e625b,a03c49c1371f67bf942de482fc6ef584c484efca741e05b5ff072a752df99cf2,experiment/audit producer script,EVIDENCE_PRODUCER,P3/P4/optimization/final audit provenance
scripts/run_p4_g0.py,9342e06db91945be2e44703437229ba45b18bda8,989cf4f26744173b08e0072fe8c9f1aa57989d95,c0c42b99aceb2ab38ad47dfa28ff4d97ccaa35e22238db0b3bf9bd91ea1f2aa0,experiment/audit producer script,EVIDENCE_PRODUCER,P3/P4/optimization/final audit provenance
scripts/run_service_identity_probe.py,9342e06db91945be2e44703437229ba45b18bda8,7224aef191247b343bfb068c390ceba58335d600,ee9ee4c55c019ffd8f15ffb6f231259a2b0fbb58fe346f298808a437a71041fd,experiment/audit producer script,EVIDENCE_PRODUCER,P3/P4/optimization/final audit provenance
scripts/run_trace_error_representation_invariant.py,9342e06db91945be2e44703437229ba45b18bda8,163b997ff1a5d15cb0ecead08e592b7995828d3e,4ad35722a1965f769c1643c28a136abafa8179ec5d62b25d51eeacf9aca35b62,experiment/audit producer script,EVIDENCE_PRODUCER,P3/P4/optimization/final audit provenance
src/rca/__init__.py,9342e06db91945be2e44703437229ba45b18bda8,410283c48ff8e733b2f7e939fc861d2687dc8dbd,268a89042ff0e0b63630c4838861d336fb6e9feb9b68cf369936ac41e419f348,supporting RCA implementation,SUPPORTING,frozen repository reproducibility context
src/rca/evaluator.py,9342e06db91945be2e44703437229ba45b18bda8,f1ed82a141eb4f5f8f18f974bd7d92f2da053aa4,1002f10457c422560f27e22b30ccd7ef2c77d68352b750c14376b3bd8197b3fb,frozen V1 method implementation,FROZEN_METHOD,"feature schema, final method, and scorer semantics"
src/rca/evidence_bootstrap.py,9342e06db91945be2e44703437229ba45b18bda8,dcbc26260995bb52822ba20d288a0ff0f599442b,14f21f4a17bef6c9730107ed80d07c1d6e4e9afb88ad09a62c1047fd77369422,evidence producer or final audit implementation,EVIDENCE_PRODUCER,"Evidence Closure, controls, telemetry, replay, or diagnostic evidence"
src/rca/evidence_closure.py,9342e06db91945be2e44703437229ba45b18bda8,5d628fad234d4def24df45ddb06b9e142d5e028b,7e7fd9da7e2eb8e9ddf12bee43f55c3154be7409c55565806f4c0a48807f2195,evidence producer or final audit implementation,EVIDENCE_PRODUCER,"Evidence Closure, controls, telemetry, replay, or diagnostic evidence"
src/rca/evidence_final.py,9342e06db91945be2e44703437229ba45b18bda8,0a71c0bd173d35c98b1f6038a2c2ce6d0fc96415,bece2774695230cad4b788c7ec407aa4c91318ccb56744d1c95a3ae078fd14a2,evidence producer or final audit implementation,EVIDENCE_PRODUCER,"Evidence Closure, controls, telemetry, replay, or diagnostic evidence"
src/rca/evidence_provenance.py,9342e06db91945be2e44703437229ba45b18bda8,836889346ae64c1ea2a1e81a0d1241696d436264,38bc9156a557a3639def57b539525a7924e67116621ce697d1b82d2f618c4ef6,supporting RCA implementation,SUPPORTING,frozen repository reproducibility context
src/rca/evidence_semantics.py,9342e06db91945be2e44703437229ba45b18bda8,07b77eb571523bf59923679474154e3b3af55f79,045ff5822a883e65a8b744cb241562b77d60d02caef2bcb8f9855287c12a82db,supporting RCA implementation,SUPPORTING,frozen repository reproducibility context
src/rca/evidence_telemetry.py,9342e06db91945be2e44703437229ba45b18bda8,f74c193ccf368ef02d7856df7609a0609492bd3b,c49112cc59168bafa722e4e1eee7093b33b720f6538fb90af8f1f176e1cad87a,evidence producer or final audit implementation,EVIDENCE_PRODUCER,"Evidence Closure, controls, telemetry, replay, or diagnostic evidence"
src/rca/evidence_trace_error.py,9342e06db91945be2e44703437229ba45b18bda8,9f05a2403a4769932eed6a34bb9e23030b10e0a6,9849ba8af5ea974ded04eab004f87e1e1039c44d859ffec2454295dd49f915ea,evidence producer or final audit implementation,EVIDENCE_PRODUCER,"Evidence Closure, controls, telemetry, replay, or diagnostic evidence"
src/rca/features.py,9342e06db91945be2e44703437229ba45b18bda8,f965379d7c61aacfaa007c537c4a9f5cf3824068,91d452cc17bb2bdc51712a65e13cd079057f1d112016ef94836bbc13445e0a11,frozen V1 method implementation,FROZEN_METHOD,"feature schema, final method, and scorer semantics"
src/rca/final_audit.py,9342e06db91945be2e44703437229ba45b18bda8,e290ebce85ebc3c76e31c578576bf2c7a3196ef0,582b8072222a44bc5f73b3d350ad11f55708e156e89503a975ade53494260f79,evidence producer or final audit implementation,EVIDENCE_PRODUCER,"Evidence Closure, controls, telemetry, replay, or diagnostic evidence"
src/rca/final_method.py,9342e06db91945be2e44703437229ba45b18bda8,3c7f684e8481bbd257ba457586f8efbf31241abd,8587e9790d6a1d0d73ce9ae3b3149baea6a8e61153475f48f0cdc7143b6dbed7,frozen V1 method implementation,FROZEN_METHOD,"feature schema, final method, and scorer semantics"
src/rca/p4.py,9342e06db91945be2e44703437229ba45b18bda8,351bd7694886258c772965e7785c74647b6d230a,c173cfee9057fd9d9eadc774d19881d0db25357878f2045b77aec79498e77b1a,frozen V1 method implementation,FROZEN_METHOD,"feature schema, final method, and scorer semantics"
src/rca/p4_stats.py,9342e06db91945be2e44703437229ba45b18bda8,19fa15e5aeaa329705ae3cdd6cc296d650b5e6ce,c0355cf61e14845f83f82ab7a58cbe207c881460f8bb48a3c7ac341466333405,supporting RCA implementation,SUPPORTING,frozen repository reproducibility context
src/rca/rcaeval.py,9342e06db91945be2e44703437229ba45b18bda8,c2fcc732f5ab4ad8e63b7989edf12fd060552e74,f051cf71035711f0394705e831912fc9e5432fbaa0d2a78c6d9dc5fb661cd153,supporting RCA implementation,SUPPORTING,frozen repository reproducibility context
src/rca/schema.py,9342e06db91945be2e44703437229ba45b18bda8,a95b7e45be4b0c3d494048492235755fd1e70a53,95407ed538b99f43248a2c146e706e12b72df5e220374dd5576e20d36ecf9a81,supporting RCA implementation,SUPPORTING,frozen repository reproducibility context
src/rca/zero_model.py,9342e06db91945be2e44703437229ba45b18bda8,20c0088afd93554c61090833bf3752d4f14f17cd,84d01f961f6ee293aac1bfbec741a8fc2304f192b6bd3bc5046b70ea4bbd1660,supporting RCA implementation,SUPPORTING,frozen repository reproducibility context
