dataset,case_id,fault_type,root_service,fold,M,L,TE,TL,M+L,M+TE,M+TL,L+TE,L+TL,TE+TL,FULL-M,FULL-L,FULL-TE,FULL-TL,FULL-Z2
re2ob,re2ob-0433b8cb47b1ec8e,mem,currencyservice,0,1,7,4,4,1,1,1,7,1,3,1,1,2,1,2
re2ob,re2ob-048f2e7d7bfbc927,socket,emailservice,1,1,3,5,3,1,1,1,3,2,3,2,1,1,1,1
re2ob,re2ob-057fe49bd30d47c0,cpu,checkoutservice,2,1,7,3,2,1,1,1,7,4,2,4,1,1,1,1
re2ob,re2ob-08f3e5d7b11d1fa7,delay,productcatalogservice,0,1,4,8,8,1,1,1,5,5,6,5,1,1,1,1
re2ob,re2ob-097a5d7ac0492007,cpu,emailservice,0,1,6,5,3,1,1,1,6,4,2,4,1,1,1,1
re2ob,re2ob-0c582795f6ae4798,mem,recommendationservice,2,1,2,9,6,1,1,1,2,1,6,1,1,1,1,1
re2ob,re2ob-1084f320d8584c61,disk,emailservice,0,1,7,5,3,1,1,1,7,2,2,2,1,1,1,1
re2ob,re2ob-1bb2e75872fd9037,loss,productcatalogservice,0,1,1,8,9,1,1,1,2,2,6,2,1,1,1,1
re2ob,re2ob-1d19cc60d7a6adc1,socket,checkoutservice,0,1,2,3,3,1,1,1,2,2,2,2,1,1,1,1
re2ob,re2ob-1d9a0d1641171551,mem,checkoutservice,1,1,7,3,2,1,1,1,7,4,2,4,1,1,1,1
re2ob,re2ob-23213ee605c6b050,disk,emailservice,1,1,4,5,3,1,1,1,4,2,3,2,1,1,1,1
re2ob,re2ob-34c4e276dad53220,loss,recommendationservice,2,1,1,9,7,1,1,1,1,1,8,1,1,1,1,1
re2ob,re2ob-35bd9974d6b59069,disk,recommendationservice,0,1,3,9,1,1,1,1,3,1,4,1,1,1,1,1
re2ob,re2ob-3758cb8f0f1277f3,mem,recommendationservice,0,1,1,9,1,1,1,1,1,1,6,1,1,1,1,1
re2ob,re2ob-3827c8c9ef1e8592,loss,currencyservice,1,4,6,4,3,4,4,3,6,4,3,4,3,2,4,2
re2ob,re2ob-3e7e71a1c83dbc41,socket,currencyservice,1,1,9,4,3,2,1,1,9,5,3,5,1,2,2,2
re2ob,re2ob-40e1893e43abba5c,delay,currencyservice,1,1,2,4,3,1,1,1,2,1,3,1,1,1,1,1
re2ob,re2ob-428d5ecf570372b5,delay,checkoutservice,2,2,4,3,3,2,2,2,4,2,3,2,2,2,2,2
re2ob,re2ob-42e80cf6bcd9400f,disk,currencyservice,2,1,6,4,3,1,1,1,6,1,3,1,1,1,1,1
re2ob,re2ob-435f42d94b785472,socket,emailservice,0,1,5,5,5,1,1,1,5,2,3,2,1,1,1,1
re2ob,re2ob-45687a171f241b04,disk,productcatalogservice,0,1,1,8,6,1,1,1,2,2,4,2,1,1,1,1
re2ob,re2ob-4677d4ce6ef327e0,delay,emailservice,0,1,3,5,5,1,1,1,3,2,3,2,1,1,1,1
re2ob,re2ob-48e5379f4903b1d2,disk,emailservice,2,1,8,5,3,1,1,1,8,4,3,4,1,1,1,1
re2ob,re2ob-4af0de56834334d2,socket,emailservice,2,1,1,5,3,1,1,1,1,1,3,1,1,1,1,1
re2ob,re2ob-4b9110d974bb1875,delay,checkoutservice,1,2,1,3,2,3,2,2,1,2,2,2,2,2,3,2
re2ob,re2ob-4f85dadf2507c3ca,loss,productcatalogservice,2,1,4,8,6,1,1,1,5,5,6,5,1,1,1,1
re2ob,re2ob-505f802370635ec3,cpu,checkoutservice,1,1,1,3,4,1,1,3,1,3,4,3,3,1,1,1
re2ob,re2ob-557d49794f937ec6,socket,checkoutservice,2,1,7,3,2,1,1,1,7,4,2,4,1,1,1,1
re2ob,re2ob-57b75da971aabed5,cpu,emailservice,1,1,8,5,3,1,1,1,8,2,3,2,1,1,1,1
re2ob,re2ob-58cff4fc86081830,socket,recommendationservice,1,1,7,9,5,1,1,1,7,5,5,5,1,1,1,1
re2ob,re2ob-58eb5ae1a41b77e4,mem,productcatalogservice,1,1,6,8,7,1,1,2,6,4,7,4,2,1,1,1
re2ob,re2ob-5a4d1a4785969ab2,disk,currencyservice,0,1,9,4,5,1,1,1,9,6,2,6,1,1,1,1
re2ob,re2ob-5f261573c1b3bdc5,mem,currencyservice,1,1,5,4,3,1,1,1,5,1,3,1,1,2,1,2
re2ob,re2ob-6521847c78ca06e9,delay,recommendationservice,1,1,2,9,6,2,1,1,2,1,6,1,1,1,2,1
re2ob,re2ob-66c4b614046569c9,disk,checkoutservice,0,1,5,3,4,1,1,1,5,4,1,4,1,1,1,1
re2ob,re2ob-6aa36a4c6c99d55c,delay,currencyservice,2,1,1,4,3,1,1,1,2,3,3,3,1,1,1,1
re2ob,re2ob-71c7f9be34b19754,socket,checkoutservice,1,1,6,3,2,1,1,2,6,3,2,3,2,2,1,2
re2ob,re2ob-72b5d278f8908a0a,loss,checkoutservice,2,1,3,3,2,1,1,1,3,2,2,2,1,1,1,1
re2ob,re2ob-7732042f2a190c79,cpu,productcatalogservice,1,2,5,8,6,1,2,2,5,4,6,4,2,1,1,1
re2ob,re2ob-784d7eb25137c3c9,mem,productcatalogservice,0,1,4,8,9,1,1,1,5,5,6,5,1,1,1,1
re2ob,re2ob-7858d4d3815cf005,loss,emailservice,2,1,1,5,3,1,1,1,1,1,3,1,1,1,1,1
re2ob,re2ob-7890056e7915d551,delay,recommendationservice,2,1,1,9,6,1,1,1,1,1,6,1,1,1,1,1
re2ob,re2ob-79fcefff48aef53b,delay,checkoutservice,0,3,7,3,3,3,3,3,7,4,1,4,3,3,3,3
re2ob,re2ob-7a91adc6e16587c6,disk,recommendationservice,1,1,8,9,6,1,1,1,8,5,6,5,1,1,1,1
re2ob,re2ob-7aec8ac514e0d064,disk,checkoutservice,1,1,4,3,2,1,1,1,4,3,2,3,1,1,1,1
re2ob,re2ob-7b0a90583e047a88,cpu,recommendationservice,2,1,7,9,5,1,1,1,7,2,5,2,1,1,1,1
re2ob,re2ob-7c278a568194196b,loss,checkoutservice,1,1,6,3,1,1,1,1,6,3,1,3,1,1,1,1
re2ob,re2ob-7f2201e9884e818e,loss,checkoutservice,0,1,7,3,4,1,1,1,7,4,2,4,1,1,1,1
re2ob,re2ob-80bf4d093e6ab818,cpu,productcatalogservice,2,2,6,8,6,1,2,2,7,5,6,5,2,1,1,1
re2ob,re2ob-84724d7aa2b9dabd,cpu,recommendationservice,0,1,2,9,1,1,1,1,2,2,5,2,1,1,1,1
re2ob,re2ob-8f991393cb9debdf,loss,emailservice,1,1,5,5,3,1,1,1,5,3,3,3,1,1,1,1
re2ob,re2ob-93de1fab2ca56e86,mem,emailservice,2,1,7,5,3,1,1,1,7,6,3,6,1,1,1,1
re2ob,re2ob-97935dcb7cfd6e82,mem,emailservice,0,1,2,5,5,1,1,1,2,1,3,1,1,1,1,1
re2ob,re2ob-9e575f44de987a1a,cpu,checkoutservice,0,1,7,3,3,1,1,1,7,4,1,4,1,1,1,1
re2ob,re2ob-a6318b7e89546125,disk,checkoutservice,2,1,5,3,2,1,1,1,5,4,2,4,1,1,1,1
re2ob,re2ob-a84cfdf477d8bf62,loss,currencyservice,0,6,9,4,6,7,6,5,9,8,3,8,5,6,7,6
re2ob,re2ob-abc29368674e8298,mem,checkoutservice,2,1,6,3,2,1,1,1,6,3,2,3,1,1,1,1
re2ob,re2ob-acf69e21960f63d8,loss,currencyservice,2,3,9,4,3,3,3,2,9,6,3,6,2,3,3,3
re2ob,re2ob-af1b6a7e1667e3f5,mem,currencyservice,2,1,9,4,3,1,1,1,9,6,3,6,1,1,1,1
re2ob,re2ob-b17ce68eb2ce01ee,mem,checkoutservice,0,1,6,3,4,1,1,1,6,3,2,3,1,1,1,1
re2ob,re2ob-b6db72fc58931786,delay,productcatalogservice,1,1,2,8,6,1,1,1,2,1,6,1,1,1,1,1
re2ob,re2ob-b78a14faa7ea7263,socket,productcatalogservice,2,1,5,8,1,1,1,1,6,1,1,1,1,1,1,1
re2ob,re2ob-b84066a37ca0c417,socket,productcatalogservice,1,1,2,8,1,1,1,1,2,1,1,1,1,1,1,1
re2ob,re2ob-bb4a5b75716772f9,loss,emailservice,0,1,1,5,4,1,1,1,1,1,2,1,1,1,1,1
re2ob,re2ob-bd6f4fb8e84ccb69,socket,currencyservice,0,1,9,4,7,1,1,1,9,8,7,8,1,2,1,2
re2ob,re2ob-c2ac02db4e3370a9,disk,productcatalogservice,2,2,2,8,5,1,2,2,3,4,5,4,2,1,1,1
re2ob,re2ob-c9c8f348d3f5974b,loss,recommendationservice,0,1,1,9,1,1,1,1,1,1,8,1,1,1,1,1
re2ob,re2ob-ca26cbb7c2cc0c87,delay,recommendationservice,0,1,3,9,1,1,1,1,3,1,6,1,1,1,1,1
re2ob,re2ob-ce3f410f61f739c2,mem,recommendationservice,1,1,2,9,6,1,1,1,2,1,6,1,1,1,1,1
re2ob,re2ob-ce93ebf8eb13a5ed,socket,recommendationservice,2,1,2,9,5,1,1,1,2,1,5,1,1,1,1,1
re2ob,re2ob-cec5183e3f5418cf,cpu,currencyservice,0,1,6,4,4,1,1,1,6,2,3,2,1,1,1,1
re2ob,re2ob-d0382ea6cedfbd82,mem,productcatalogservice,2,2,1,8,6,1,2,2,2,3,6,3,2,1,1,1
re2ob,re2ob-d0d93705e784491a,disk,productcatalogservice,1,1,3,8,6,1,1,1,3,1,6,1,1,1,1,1
re2ob,re2ob-d3f1403a4a08a3b1,cpu,productcatalogservice,0,1,2,8,7,1,1,1,3,2,4,2,1,1,1,1
re2ob,re2ob-d7f2f8eb2f0ad646,delay,emailservice,1,1,4,5,3,1,1,1,4,2,3,2,1,1,1,1
re2ob,re2ob-da48e150772a24fd,cpu,currencyservice,1,1,10,4,3,1,1,1,10,7,3,7,1,1,1,1
re2ob,re2ob-df7b6eca09a6c41f,loss,recommendationservice,1,1,1,9,6,1,1,1,1,1,6,1,1,1,1,1
re2ob,re2ob-df7e831dddfac76c,delay,emailservice,2,1,1,5,4,1,1,1,1,1,4,1,1,1,1,1
re2ob,re2ob-e16e6de30ae75ccd,cpu,emailservice,2,1,5,5,3,1,1,1,5,2,3,2,1,1,1,1
re2ob,re2ob-e357bd8aec246cdb,socket,currencyservice,2,2,9,4,3,1,2,2,9,4,3,4,2,1,1,1
re2ob,re2ob-e849d2be7be5c713,socket,recommendationservice,0,1,3,9,1,1,1,1,3,1,5,1,1,1,1,1
re2ob,re2ob-eb8f50fda4f9095f,disk,currencyservice,1,1,10,4,3,1,1,1,10,6,3,6,1,1,1,1
re2ob,re2ob-f209212fc63ac713,mem,emailservice,1,1,8,5,3,1,1,1,8,6,3,6,1,1,1,1
re2ob,re2ob-f2b4cc2f87b35c03,disk,recommendationservice,2,1,7,9,4,1,1,1,7,5,4,5,1,1,1,1
re2ob,re2ob-f30e2feeaa5218b8,delay,productcatalogservice,2,1,4,8,6,1,1,1,5,4,6,4,1,1,1,1
re2ob,re2ob-f874f110aae8efa9,delay,currencyservice,0,2,1,4,4,1,2,2,1,1,3,1,2,1,1,1
re2ob,re2ob-f88fc943d724a354,socket,productcatalogservice,0,1,4,8,9,1,1,1,5,6,6,6,1,1,1,1
re2ob,re2ob-fa8a8fae0fda7c42,cpu,recommendationservice,1,1,1,9,5,1,1,1,1,1,5,1,1,1,1,1
re2ob,re2ob-fd67c49516fa2028,cpu,currencyservice,2,1,11,4,3,1,1,1,11,8,3,8,1,1,1,1
re2ob,re2ob-feeaaba6c71377df,loss,productcatalogservice,1,1,6,8,6,1,1,1,6,6,6,6,1,1,1,1
re2tt,re2tt-010695b192f8dbea,disk,ts-route-service,2,1,15,47,1,1,1,1,15,1,1,1,1,1,1,1
re2tt,re2tt-01d0096e9a504ced,loss,ts-auth-service,2,30,2,9,9,18,30,28,2,3,9,3,28,15,18,15
re2tt,re2tt-04ce93a682b70df6,mem,ts-train-service,1,1,59,57,48,5,1,1,59,50,48,50,1,3,5,3
re2tt,re2tt-0b529d9f6ca88d4b,cpu,ts-auth-service,2,1,7,9,1,1,1,1,7,1,1,1,1,1,1,1
re2tt,re2tt-0f6b6213169d6acc,socket,ts-order-service,2,2,5,35,31,1,2,1,5,1,31,1,1,1,1,1
re2tt,re2tt-1283c56ed7675282,delay,ts-travel-service,0,9,18,60,50,5,9,9,18,12,50,12,9,3,5,3
re2tt,re2tt-14c6e1b70d0c21e5,loss,ts-auth-service,1,20,6,9,9,16,20,18,6,5,9,5,18,15,16,15
re2tt,re2tt-1d48b3aec1ec4470,disk,ts-auth-service,2,1,4,9,1,1,1,1,4,1,1,1,1,1,1,1
re2tt,re2tt-20258ce8dbcd2300,loss,ts-travel-service,0,12,3,60,52,4,12,11,3,4,52,4,11,4,4,4
re2tt,re2tt-22292d58b67911fb,mem,ts-order-service,1,1,7,35,32,1,1,1,7,6,32,6,1,1,1,1
re2tt,re2tt-2782358136a64e6c,disk,ts-auth-service,1,1,3,9,1,1,1,1,3,1,1,1,1,1,1,1
re2tt,re2tt-2a03e4ad1a1d6f85,cpu,ts-train-service,0,1,59,57,50,1,1,1,59,53,50,53,1,2,1,2
re2tt,re2tt-2ae0e149b3ab15f1,socket,ts-order-service,1,1,1,35,34,1,1,1,1,1,34,1,1,1,1,1
re2tt,re2tt-2ca7cff33586ca18,socket,ts-train-service,0,1,57,57,57,1,1,1,57,57,57,57,1,1,1,1
re2tt,re2tt-2defd6e102bdaf53,cpu,ts-train-service,2,1,59,57,48,1,1,1,59,49,48,49,1,1,1,1
re2tt,re2tt-2fc3d2fb9c492b7c,mem,ts-train-service,0,1,59,57,48,7,1,1,59,49,48,49,1,5,7,5
re2tt,re2tt-35e803c63786ac4e,delay,ts-route-service,1,1,2,47,43,3,1,1,2,2,43,2,1,3,3,3
re2tt,re2tt-38941ca70beb687a,delay,ts-train-service,0,1,59,57,48,1,1,1,59,49,48,49,1,1,1,1
re2tt,re2tt-3bd96ed8cc02f613,delay,ts-train-service,1,1,59,57,48,1,1,1,59,50,48,50,1,1,1,1
re2tt,re2tt-3e24ca7f9747c84e,socket,ts-travel-service,2,1,8,60,51,1,1,1,8,6,51,6,1,1,1,1
re2tt,re2tt-3fffa88dd3653f99,socket,ts-travel-service,1,7,4,60,53,1,7,8,4,5,53,5,8,1,1,1
re2tt,re2tt-406c40ff0016fa9c,mem,ts-train-service,2,1,59,57,52,1,1,1,59,54,52,54,1,1,1,1
re2tt,re2tt-420fff915c5f5bc5,mem,ts-route-service,0,1,20,47,45,1,1,1,20,19,45,19,1,1,1,1
re2tt,re2tt-426ec979883ae8dc,delay,ts-order-service,1,1,13,35,34,1,1,1,13,11,34,11,1,1,1,1
re2tt,re2tt-44604ef8713a5943,loss,ts-order-service,2,1,11,35,33,1,1,1,11,9,33,9,1,1,1,1
re2tt,re2tt-472c8339fd3703e9,cpu,ts-route-service,2,1,10,47,45,1,1,1,10,10,45,10,1,1,1,1
re2tt,re2tt-4780a4f90c190bf4,disk,ts-travel-service,2,1,4,60,55,1,1,1,4,3,55,3,1,1,1,1
re2tt,re2tt-56db4956167f9980,cpu,ts-travel-service,0,1,10,60,1,1,1,1,10,1,1,1,1,1,1,1
re2tt,re2tt-575015aa80c376c6,loss,ts-route-service,1,2,20,47,41,1,2,1,20,15,41,15,1,1,1,1
re2tt,re2tt-5a65eea398ba8435,delay,ts-train-service,2,1,59,57,48,2,1,1,59,50,48,50,1,2,2,2
re2tt,re2tt-5bb89b87741349d7,cpu,ts-order-service,2,2,6,35,31,1,2,2,6,5,31,5,2,1,1,1
re2tt,re2tt-5d2e4747cab0d818,socket,ts-order-service,0,2,7,35,31,2,2,2,7,5,31,5,2,2,2,2
re2tt,re2tt-5f50dc54f6cb9fce,socket,ts-route-service,0,2,10,47,42,2,2,1,10,9,42,9,1,2,2,2
re2tt,re2tt-606ef267348d40e5,delay,ts-route-service,0,2,9,47,41,1,2,1,9,3,41,3,1,1,1,1
re2tt,re2tt-653810995a9aa3db,mem,ts-auth-service,2,1,13,9,10,1,1,1,13,7,10,7,1,1,1,1
re2tt,re2tt-67172e499653d426,socket,ts-route-service,1,2,17,47,1,1,2,1,17,1,1,1,1,1,1,1
re2tt,re2tt-6a0d1ebf31fb52a6,loss,ts-auth-service,0,3,1,9,9,2,3,4,1,1,9,1,4,2,2,2
re2tt,re2tt-714d157727edd2d0,cpu,ts-route-service,1,1,10,47,45,1,1,1,10,7,45,7,1,1,1,1
re2tt,re2tt-722f5f89a57be699,mem,ts-travel-service,0,1,8,60,55,1,1,1,8,6,55,6,1,1,1,1
re2tt,re2tt-727331fee88d4ce7,loss,ts-route-service,2,1,13,47,41,1,1,1,13,8,41,8,1,1,1,1
re2tt,re2tt-72822d018b0df53f,mem,ts-order-service,0,1,5,35,31,1,1,1,5,2,31,2,1,1,1,1
re2tt,re2tt-739ad24f1e2d7c29,delay,ts-travel-service,1,8,13,60,50,7,8,4,13,8,50,8,4,4,7,4
re2tt,re2tt-783d045c8102f972,delay,ts-auth-service,0,1,3,9,9,1,1,1,3,2,9,2,1,1,1,1
re2tt,re2tt-7cff180e5ff1cc71,loss,ts-train-service,1,1,59,57,49,1,1,1,59,51,49,51,1,1,1,1
re2tt,re2tt-7d3fb265c1c0f9ed,cpu,ts-train-service,1,1,59,57,48,3,1,1,59,51,48,51,1,2,3,2
re2tt,re2tt-7d84c0b80f7f0032,disk,ts-order-service,1,1,6,35,34,1,1,1,6,6,34,6,1,1,1,1
re2tt,re2tt-877f6cbd0cb33e7c,loss,ts-train-service,0,1,59,57,48,2,1,1,59,49,48,49,1,2,2,2
re2tt,re2tt-93fbbdf23f58f440,cpu,ts-route-service,0,1,20,47,41,1,1,1,20,15,41,15,1,1,1,1
re2tt,re2tt-94bd05feab03461e,loss,ts-route-service,0,1,5,47,42,2,1,1,5,4,42,4,1,1,2,1
re2tt,re2tt-995607e863fb7731,disk,ts-order-service,2,1,10,35,34,1,1,1,10,7,34,7,1,1,1,1
re2tt,re2tt-a0c0a90c5448e7fa,cpu,ts-auth-service,1,1,6,9,1,1,1,1,6,1,1,1,1,1,1,1
re2tt,re2tt-a141811c79edaa0b,delay,ts-route-service,2,2,10,47,42,5,2,2,10,3,42,3,2,4,5,4
re2tt,re2tt-a33887653c475d04,mem,ts-route-service,2,1,18,47,46,1,1,1,18,17,46,17,1,1,1,1
re2tt,re2tt-a7213c3da47edbd0,socket,ts-train-service,1,1,59,57,49,1,1,1,59,50,49,50,1,1,1,1
re2tt,re2tt-aa71e41ec8e7922d,socket,ts-auth-service,1,1,3,9,1,1,1,1,3,1,1,1,1,1,1,1
re2tt,re2tt-ae09714023e727e1,mem,ts-auth-service,1,1,2,9,9,1,1,1,2,3,9,3,1,1,1,1
re2tt,re2tt-afdac60e6b000d3c,loss,ts-order-service,0,7,1,35,31,8,7,10,1,1,31,1,10,7,8,7
re2tt,re2tt-b2342b2478b249cb,disk,ts-train-service,0,1,59,57,48,1,1,1,59,50,48,50,1,1,1,1
re2tt,re2tt-b5173d4edf252af8,disk,ts-route-service,0,1,15,47,1,1,1,1,15,1,1,1,1,1,1,1
re2tt,re2tt-bbbcbf7787fa152c,mem,ts-auth-service,0,1,2,9,10,1,1,1,2,2,10,2,1,1,1,1
re2tt,re2tt-bc9cd2d131533d16,mem,ts-travel-service,1,1,6,60,57,1,1,1,6,6,57,6,1,1,1,1
re2tt,re2tt-bed634aec03e773f,socket,ts-travel-service,0,1,6,60,54,1,1,1,6,3,54,3,1,1,1,1
re2tt,re2tt-c1b234f6cc4acbee,disk,ts-auth-service,0,1,20,9,57,1,1,1,20,57,57,57,1,1,1,1
re2tt,re2tt-c7f9112580bfde33,disk,ts-train-service,1,1,59,57,49,1,1,1,59,51,49,51,1,1,1,1
re2tt,re2tt-c82529d65e13adc0,socket,ts-auth-service,0,2,6,9,1,2,2,1,6,1,1,1,1,1,2,1
re2tt,re2tt-c8fbd9a7d1e92284,disk,ts-travel-service,0,1,13,60,1,1,1,1,13,1,1,1,1,1,1,1
re2tt,re2tt-cb1f1df38c99005a,socket,ts-auth-service,2,1,18,9,10,1,1,1,18,11,10,11,1,1,1,1
re2tt,re2tt-cb3381bf9ed05034,loss,ts-travel-service,1,17,8,60,50,12,17,13,8,3,50,3,13,8,12,8
re2tt,re2tt-cc6c772d4116d054,delay,ts-auth-service,2,19,4,9,9,12,19,19,4,2,9,2,19,11,12,11
re2tt,re2tt-cdf514b035f34990,disk,ts-order-service,0,1,12,35,31,1,1,1,12,7,31,7,1,1,1,1
re2tt,re2tt-d0a74725c5d96362,delay,ts-order-service,2,1,5,35,34,1,1,1,5,3,34,3,1,1,1,1
re2tt,re2tt-d14727a3c74e9768,socket,ts-route-service,2,1,13,47,42,1,1,1,13,4,42,4,1,1,1,1
re2tt,re2tt-d4b1d66aaaa1a728,cpu,ts-order-service,1,1,6,35,32,1,1,1,6,2,32,2,1,1,1,1
re2tt,re2tt-d83931768111dc58,disk,ts-travel-service,1,1,4,60,55,1,1,1,4,2,55,2,1,1,1,1
re2tt,re2tt-e3f89de859062727,cpu,ts-travel-service,2,2,13,60,50,2,2,2,13,9,50,9,2,2,2,2
re2tt,re2tt-e44ccb97e7cc1570,cpu,ts-auth-service,0,1,2,9,9,1,1,1,2,1,9,1,1,1,1,1
re2tt,re2tt-e4be9aa8e249ddf3,delay,ts-order-service,0,6,2,35,31,6,6,5,2,2,31,2,5,4,6,4
re2tt,re2tt-e76e500ff655313b,delay,ts-auth-service,1,42,12,9,9,34,42,40,12,4,9,4,40,27,34,27
re2tt,re2tt-e9071bdee1904785,loss,ts-travel-service,2,4,11,60,50,3,4,4,11,10,50,10,4,4,3,4
re2tt,re2tt-ee2421859dfb0792,loss,ts-order-service,1,2,13,35,33,5,2,1,13,8,33,8,1,3,5,3
re2tt,re2tt-f09cbf3636ad02de,cpu,ts-travel-service,1,1,1,60,50,1,1,1,1,2,50,2,1,1,1,1
re2tt,re2tt-f1aa29dd3ba2343f,socket,ts-train-service,2,1,59,57,60,1,1,1,59,57,60,57,1,1,1,1
re2tt,re2tt-f5512e2434f96386,mem,ts-route-service,1,1,11,47,42,1,1,1,11,8,42,8,1,1,1,1
re2tt,re2tt-f578fe138f6d4c7a,mem,ts-travel-service,2,1,10,60,50,1,1,1,10,5,50,5,1,1,1,1
re2tt,re2tt-fa81461ebec56b42,disk,ts-train-service,2,1,59,57,48,1,1,1,59,49,48,49,1,1,1,1
re2tt,re2tt-fb57d883cd727c81,delay,ts-travel-service,2,9,1,60,50,4,9,5,1,1,50,1,5,2,4,2
re2tt,re2tt-fc53b7fb52199fb7,mem,ts-order-service,2,1,2,35,36,1,1,1,2,3,36,3,1,1,1,1
re2tt,re2tt-fd20b1f93a6ff4c0,disk,ts-route-service,1,1,14,47,44,1,1,1,14,10,44,10,1,1,1,1
re2tt,re2tt-fe28a6c0dbd7d892,cpu,ts-order-service,0,2,1,35,31,1,2,2,1,2,31,2,2,1,1,1
re2tt,re2tt-ffda523857bbf5c2,loss,ts-train-service,2,1,59,57,48,2,1,1,59,51,48,51,1,2,2,2
