dataset,case_id,fold,fault_type,root_service,candidate_count,root_rank,AC@1,AC@2,AC@3,AC@4,AC@5,Avg@5,MRR
re2ob,re2ob-0433b8cb47b1ec8e,0,mem,currencyservice,11,2,0.0,1.0,1.0,1.0,1.0,0.8,0.5
re2ob,re2ob-048f2e7d7bfbc927,1,socket,emailservice,11,1,1.0,1.0,1.0,1.0,1.0,1.0,1.0
re2ob,re2ob-057fe49bd30d47c0,2,cpu,checkoutservice,11,1,1.0,1.0,1.0,1.0,1.0,1.0,1.0
re2ob,re2ob-08f3e5d7b11d1fa7,0,delay,productcatalogservice,11,1,1.0,1.0,1.0,1.0,1.0,1.0,1.0
re2ob,re2ob-097a5d7ac0492007,0,cpu,emailservice,11,1,1.0,1.0,1.0,1.0,1.0,1.0,1.0
re2ob,re2ob-0c582795f6ae4798,2,mem,recommendationservice,11,1,1.0,1.0,1.0,1.0,1.0,1.0,1.0
re2ob,re2ob-1084f320d8584c61,0,disk,emailservice,11,1,1.0,1.0,1.0,1.0,1.0,1.0,1.0
re2ob,re2ob-1bb2e75872fd9037,0,loss,productcatalogservice,11,1,1.0,1.0,1.0,1.0,1.0,1.0,1.0
re2ob,re2ob-1d19cc60d7a6adc1,0,socket,checkoutservice,11,1,1.0,1.0,1.0,1.0,1.0,1.0,1.0
re2ob,re2ob-1d9a0d1641171551,1,mem,checkoutservice,11,1,1.0,1.0,1.0,1.0,1.0,1.0,1.0
re2ob,re2ob-23213ee605c6b050,1,disk,emailservice,11,1,1.0,1.0,1.0,1.0,1.0,1.0,1.0
re2ob,re2ob-34c4e276dad53220,2,loss,recommendationservice,11,1,1.0,1.0,1.0,1.0,1.0,1.0,1.0
re2ob,re2ob-35bd9974d6b59069,0,disk,recommendationservice,11,1,1.0,1.0,1.0,1.0,1.0,1.0,1.0
re2ob,re2ob-3758cb8f0f1277f3,0,mem,recommendationservice,11,1,1.0,1.0,1.0,1.0,1.0,1.0,1.0
re2ob,re2ob-3827c8c9ef1e8592,1,loss,currencyservice,11,2,0.0,1.0,1.0,1.0,1.0,0.8,0.5
re2ob,re2ob-3e7e71a1c83dbc41,1,socket,currencyservice,11,2,0.0,1.0,1.0,1.0,1.0,0.8,0.5
re2ob,re2ob-40e1893e43abba5c,1,delay,currencyservice,11,1,1.0,1.0,1.0,1.0,1.0,1.0,1.0
re2ob,re2ob-428d5ecf570372b5,2,delay,checkoutservice,11,2,0.0,1.0,1.0,1.0,1.0,0.8,0.5
re2ob,re2ob-42e80cf6bcd9400f,2,disk,currencyservice,11,1,1.0,1.0,1.0,1.0,1.0,1.0,1.0
re2ob,re2ob-435f42d94b785472,0,socket,emailservice,11,1,1.0,1.0,1.0,1.0,1.0,1.0,1.0
re2ob,re2ob-45687a171f241b04,0,disk,productcatalogservice,11,1,1.0,1.0,1.0,1.0,1.0,1.0,1.0
re2ob,re2ob-4677d4ce6ef327e0,0,delay,emailservice,11,1,1.0,1.0,1.0,1.0,1.0,1.0,1.0
re2ob,re2ob-48e5379f4903b1d2,2,disk,emailservice,11,1,1.0,1.0,1.0,1.0,1.0,1.0,1.0
re2ob,re2ob-4af0de56834334d2,2,socket,emailservice,11,1,1.0,1.0,1.0,1.0,1.0,1.0,1.0
re2ob,re2ob-4b9110d974bb1875,1,delay,checkoutservice,11,2,0.0,1.0,1.0,1.0,1.0,0.8,0.5
re2ob,re2ob-4f85dadf2507c3ca,2,loss,productcatalogservice,11,1,1.0,1.0,1.0,1.0,1.0,1.0,1.0
re2ob,re2ob-505f802370635ec3,1,cpu,checkoutservice,11,1,1.0,1.0,1.0,1.0,1.0,1.0,1.0
re2ob,re2ob-557d49794f937ec6,2,socket,checkoutservice,11,1,1.0,1.0,1.0,1.0,1.0,1.0,1.0
re2ob,re2ob-57b75da971aabed5,1,cpu,emailservice,11,1,1.0,1.0,1.0,1.0,1.0,1.0,1.0
re2ob,re2ob-58cff4fc86081830,1,socket,recommendationservice,11,1,1.0,1.0,1.0,1.0,1.0,1.0,1.0
re2ob,re2ob-58eb5ae1a41b77e4,1,mem,productcatalogservice,11,1,1.0,1.0,1.0,1.0,1.0,1.0,1.0
re2ob,re2ob-5a4d1a4785969ab2,0,disk,currencyservice,11,1,1.0,1.0,1.0,1.0,1.0,1.0,1.0
re2ob,re2ob-5f261573c1b3bdc5,1,mem,currencyservice,11,2,0.0,1.0,1.0,1.0,1.0,0.8,0.5
re2ob,re2ob-6521847c78ca06e9,1,delay,recommendationservice,11,1,1.0,1.0,1.0,1.0,1.0,1.0,1.0
re2ob,re2ob-66c4b614046569c9,0,disk,checkoutservice,11,1,1.0,1.0,1.0,1.0,1.0,1.0,1.0
re2ob,re2ob-6aa36a4c6c99d55c,2,delay,currencyservice,11,1,1.0,1.0,1.0,1.0,1.0,1.0,1.0
re2ob,re2ob-71c7f9be34b19754,1,socket,checkoutservice,11,2,0.0,1.0,1.0,1.0,1.0,0.8,0.5
re2ob,re2ob-72b5d278f8908a0a,2,loss,checkoutservice,11,1,1.0,1.0,1.0,1.0,1.0,1.0,1.0
re2ob,re2ob-7732042f2a190c79,1,cpu,productcatalogservice,11,1,1.0,1.0,1.0,1.0,1.0,1.0,1.0
re2ob,re2ob-784d7eb25137c3c9,0,mem,productcatalogservice,11,1,1.0,1.0,1.0,1.0,1.0,1.0,1.0
re2ob,re2ob-7858d4d3815cf005,2,loss,emailservice,11,1,1.0,1.0,1.0,1.0,1.0,1.0,1.0
re2ob,re2ob-7890056e7915d551,2,delay,recommendationservice,11,1,1.0,1.0,1.0,1.0,1.0,1.0,1.0
re2ob,re2ob-79fcefff48aef53b,0,delay,checkoutservice,11,3,0.0,0.0,1.0,1.0,1.0,0.6,0.3333333333333333
re2ob,re2ob-7a91adc6e16587c6,1,disk,recommendationservice,11,1,1.0,1.0,1.0,1.0,1.0,1.0,1.0
re2ob,re2ob-7aec8ac514e0d064,1,disk,checkoutservice,11,1,1.0,1.0,1.0,1.0,1.0,1.0,1.0
re2ob,re2ob-7b0a90583e047a88,2,cpu,recommendationservice,11,1,1.0,1.0,1.0,1.0,1.0,1.0,1.0
re2ob,re2ob-7c278a568194196b,1,loss,checkoutservice,11,1,1.0,1.0,1.0,1.0,1.0,1.0,1.0
re2ob,re2ob-7f2201e9884e818e,0,loss,checkoutservice,11,1,1.0,1.0,1.0,1.0,1.0,1.0,1.0
re2ob,re2ob-80bf4d093e6ab818,2,cpu,productcatalogservice,11,1,1.0,1.0,1.0,1.0,1.0,1.0,1.0
re2ob,re2ob-84724d7aa2b9dabd,0,cpu,recommendationservice,11,1,1.0,1.0,1.0,1.0,1.0,1.0,1.0
re2ob,re2ob-8f991393cb9debdf,1,loss,emailservice,11,1,1.0,1.0,1.0,1.0,1.0,1.0,1.0
re2ob,re2ob-93de1fab2ca56e86,2,mem,emailservice,11,1,1.0,1.0,1.0,1.0,1.0,1.0,1.0
re2ob,re2ob-97935dcb7cfd6e82,0,mem,emailservice,11,1,1.0,1.0,1.0,1.0,1.0,1.0,1.0
re2ob,re2ob-9e575f44de987a1a,0,cpu,checkoutservice,11,1,1.0,1.0,1.0,1.0,1.0,1.0,1.0
re2ob,re2ob-a6318b7e89546125,2,disk,checkoutservice,11,1,1.0,1.0,1.0,1.0,1.0,1.0,1.0
re2ob,re2ob-a84cfdf477d8bf62,0,loss,currencyservice,11,6,0.0,0.0,0.0,0.0,0.0,0.0,0.16666666666666666
re2ob,re2ob-abc29368674e8298,2,mem,checkoutservice,11,1,1.0,1.0,1.0,1.0,1.0,1.0,1.0
re2ob,re2ob-acf69e21960f63d8,2,loss,currencyservice,11,3,0.0,0.0,1.0,1.0,1.0,0.6,0.3333333333333333
re2ob,re2ob-af1b6a7e1667e3f5,2,mem,currencyservice,11,1,1.0,1.0,1.0,1.0,1.0,1.0,1.0
re2ob,re2ob-b17ce68eb2ce01ee,0,mem,checkoutservice,11,1,1.0,1.0,1.0,1.0,1.0,1.0,1.0
re2ob,re2ob-b6db72fc58931786,1,delay,productcatalogservice,11,1,1.0,1.0,1.0,1.0,1.0,1.0,1.0
re2ob,re2ob-b78a14faa7ea7263,2,socket,productcatalogservice,11,1,1.0,1.0,1.0,1.0,1.0,1.0,1.0
re2ob,re2ob-b84066a37ca0c417,1,socket,productcatalogservice,11,1,1.0,1.0,1.0,1.0,1.0,1.0,1.0
re2ob,re2ob-bb4a5b75716772f9,0,loss,emailservice,11,1,1.0,1.0,1.0,1.0,1.0,1.0,1.0
re2ob,re2ob-bd6f4fb8e84ccb69,0,socket,currencyservice,11,2,0.0,1.0,1.0,1.0,1.0,0.8,0.5
re2ob,re2ob-c2ac02db4e3370a9,2,disk,productcatalogservice,11,1,1.0,1.0,1.0,1.0,1.0,1.0,1.0
re2ob,re2ob-c9c8f348d3f5974b,0,loss,recommendationservice,11,1,1.0,1.0,1.0,1.0,1.0,1.0,1.0
re2ob,re2ob-ca26cbb7c2cc0c87,0,delay,recommendationservice,11,1,1.0,1.0,1.0,1.0,1.0,1.0,1.0
re2ob,re2ob-ce3f410f61f739c2,1,mem,recommendationservice,11,1,1.0,1.0,1.0,1.0,1.0,1.0,1.0
re2ob,re2ob-ce93ebf8eb13a5ed,2,socket,recommendationservice,11,1,1.0,1.0,1.0,1.0,1.0,1.0,1.0
re2ob,re2ob-cec5183e3f5418cf,0,cpu,currencyservice,11,1,1.0,1.0,1.0,1.0,1.0,1.0,1.0
re2ob,re2ob-d0382ea6cedfbd82,2,mem,productcatalogservice,11,1,1.0,1.0,1.0,1.0,1.0,1.0,1.0
re2ob,re2ob-d0d93705e784491a,1,disk,productcatalogservice,11,1,1.0,1.0,1.0,1.0,1.0,1.0,1.0
re2ob,re2ob-d3f1403a4a08a3b1,0,cpu,productcatalogservice,11,1,1.0,1.0,1.0,1.0,1.0,1.0,1.0
re2ob,re2ob-d7f2f8eb2f0ad646,1,delay,emailservice,11,1,1.0,1.0,1.0,1.0,1.0,1.0,1.0
re2ob,re2ob-da48e150772a24fd,1,cpu,currencyservice,11,1,1.0,1.0,1.0,1.0,1.0,1.0,1.0
re2ob,re2ob-df7b6eca09a6c41f,1,loss,recommendationservice,11,1,1.0,1.0,1.0,1.0,1.0,1.0,1.0
re2ob,re2ob-df7e831dddfac76c,2,delay,emailservice,11,1,1.0,1.0,1.0,1.0,1.0,1.0,1.0
re2ob,re2ob-e16e6de30ae75ccd,2,cpu,emailservice,11,1,1.0,1.0,1.0,1.0,1.0,1.0,1.0
re2ob,re2ob-e357bd8aec246cdb,2,socket,currencyservice,11,1,1.0,1.0,1.0,1.0,1.0,1.0,1.0
re2ob,re2ob-e849d2be7be5c713,0,socket,recommendationservice,11,1,1.0,1.0,1.0,1.0,1.0,1.0,1.0
re2ob,re2ob-eb8f50fda4f9095f,1,disk,currencyservice,11,1,1.0,1.0,1.0,1.0,1.0,1.0,1.0
re2ob,re2ob-f209212fc63ac713,1,mem,emailservice,11,1,1.0,1.0,1.0,1.0,1.0,1.0,1.0
re2ob,re2ob-f2b4cc2f87b35c03,2,disk,recommendationservice,11,1,1.0,1.0,1.0,1.0,1.0,1.0,1.0
re2ob,re2ob-f30e2feeaa5218b8,2,delay,productcatalogservice,11,1,1.0,1.0,1.0,1.0,1.0,1.0,1.0
re2ob,re2ob-f874f110aae8efa9,0,delay,currencyservice,11,1,1.0,1.0,1.0,1.0,1.0,1.0,1.0
re2ob,re2ob-f88fc943d724a354,0,socket,productcatalogservice,11,1,1.0,1.0,1.0,1.0,1.0,1.0,1.0
re2ob,re2ob-fa8a8fae0fda7c42,1,cpu,recommendationservice,11,1,1.0,1.0,1.0,1.0,1.0,1.0,1.0
re2ob,re2ob-fd67c49516fa2028,2,cpu,currencyservice,11,1,1.0,1.0,1.0,1.0,1.0,1.0,1.0
re2ob,re2ob-feeaaba6c71377df,1,loss,productcatalogservice,11,1,1.0,1.0,1.0,1.0,1.0,1.0,1.0
re2tt,re2tt-010695b192f8dbea,2,disk,ts-route-service,68,1,1.0,1.0,1.0,1.0,1.0,1.0,1.0
re2tt,re2tt-01d0096e9a504ced,2,loss,ts-auth-service,68,15,0.0,0.0,0.0,0.0,0.0,0.0,0.06666666666666667
re2tt,re2tt-04ce93a682b70df6,1,mem,ts-train-service,68,3,0.0,0.0,1.0,1.0,1.0,0.6,0.3333333333333333
re2tt,re2tt-0b529d9f6ca88d4b,2,cpu,ts-auth-service,68,1,1.0,1.0,1.0,1.0,1.0,1.0,1.0
re2tt,re2tt-0f6b6213169d6acc,2,socket,ts-order-service,68,1,1.0,1.0,1.0,1.0,1.0,1.0,1.0
re2tt,re2tt-1283c56ed7675282,0,delay,ts-travel-service,68,3,0.0,0.0,1.0,1.0,1.0,0.6,0.3333333333333333
re2tt,re2tt-14c6e1b70d0c21e5,1,loss,ts-auth-service,68,15,0.0,0.0,0.0,0.0,0.0,0.0,0.06666666666666667
re2tt,re2tt-1d48b3aec1ec4470,2,disk,ts-auth-service,68,1,1.0,1.0,1.0,1.0,1.0,1.0,1.0
re2tt,re2tt-20258ce8dbcd2300,0,loss,ts-travel-service,68,4,0.0,0.0,0.0,1.0,1.0,0.4,0.25
re2tt,re2tt-22292d58b67911fb,1,mem,ts-order-service,68,1,1.0,1.0,1.0,1.0,1.0,1.0,1.0
re2tt,re2tt-2782358136a64e6c,1,disk,ts-auth-service,68,1,1.0,1.0,1.0,1.0,1.0,1.0,1.0
re2tt,re2tt-2a03e4ad1a1d6f85,0,cpu,ts-train-service,68,2,0.0,1.0,1.0,1.0,1.0,0.8,0.5
re2tt,re2tt-2ae0e149b3ab15f1,1,socket,ts-order-service,68,1,1.0,1.0,1.0,1.0,1.0,1.0,1.0
re2tt,re2tt-2ca7cff33586ca18,0,socket,ts-train-service,68,1,1.0,1.0,1.0,1.0,1.0,1.0,1.0
re2tt,re2tt-2defd6e102bdaf53,2,cpu,ts-train-service,68,1,1.0,1.0,1.0,1.0,1.0,1.0,1.0
re2tt,re2tt-2fc3d2fb9c492b7c,0,mem,ts-train-service,68,5,0.0,0.0,0.0,0.0,1.0,0.2,0.2
re2tt,re2tt-35e803c63786ac4e,1,delay,ts-route-service,68,3,0.0,0.0,1.0,1.0,1.0,0.6,0.3333333333333333
re2tt,re2tt-38941ca70beb687a,0,delay,ts-train-service,68,1,1.0,1.0,1.0,1.0,1.0,1.0,1.0
re2tt,re2tt-3bd96ed8cc02f613,1,delay,ts-train-service,68,1,1.0,1.0,1.0,1.0,1.0,1.0,1.0
re2tt,re2tt-3e24ca7f9747c84e,2,socket,ts-travel-service,68,1,1.0,1.0,1.0,1.0,1.0,1.0,1.0
re2tt,re2tt-3fffa88dd3653f99,1,socket,ts-travel-service,68,1,1.0,1.0,1.0,1.0,1.0,1.0,1.0
re2tt,re2tt-406c40ff0016fa9c,2,mem,ts-train-service,68,1,1.0,1.0,1.0,1.0,1.0,1.0,1.0
re2tt,re2tt-420fff915c5f5bc5,0,mem,ts-route-service,68,1,1.0,1.0,1.0,1.0,1.0,1.0,1.0
re2tt,re2tt-426ec979883ae8dc,1,delay,ts-order-service,68,1,1.0,1.0,1.0,1.0,1.0,1.0,1.0
re2tt,re2tt-44604ef8713a5943,2,loss,ts-order-service,68,1,1.0,1.0,1.0,1.0,1.0,1.0,1.0
re2tt,re2tt-472c8339fd3703e9,2,cpu,ts-route-service,68,1,1.0,1.0,1.0,1.0,1.0,1.0,1.0
re2tt,re2tt-4780a4f90c190bf4,2,disk,ts-travel-service,68,1,1.0,1.0,1.0,1.0,1.0,1.0,1.0
re2tt,re2tt-56db4956167f9980,0,cpu,ts-travel-service,68,1,1.0,1.0,1.0,1.0,1.0,1.0,1.0
re2tt,re2tt-575015aa80c376c6,1,loss,ts-route-service,68,1,1.0,1.0,1.0,1.0,1.0,1.0,1.0
re2tt,re2tt-5a65eea398ba8435,2,delay,ts-train-service,68,2,0.0,1.0,1.0,1.0,1.0,0.8,0.5
re2tt,re2tt-5bb89b87741349d7,2,cpu,ts-order-service,68,1,1.0,1.0,1.0,1.0,1.0,1.0,1.0
re2tt,re2tt-5d2e4747cab0d818,0,socket,ts-order-service,68,2,0.0,1.0,1.0,1.0,1.0,0.8,0.5
re2tt,re2tt-5f50dc54f6cb9fce,0,socket,ts-route-service,68,2,0.0,1.0,1.0,1.0,1.0,0.8,0.5
re2tt,re2tt-606ef267348d40e5,0,delay,ts-route-service,68,1,1.0,1.0,1.0,1.0,1.0,1.0,1.0
re2tt,re2tt-653810995a9aa3db,2,mem,ts-auth-service,68,1,1.0,1.0,1.0,1.0,1.0,1.0,1.0
re2tt,re2tt-67172e499653d426,1,socket,ts-route-service,68,1,1.0,1.0,1.0,1.0,1.0,1.0,1.0
re2tt,re2tt-6a0d1ebf31fb52a6,0,loss,ts-auth-service,68,2,0.0,1.0,1.0,1.0,1.0,0.8,0.5
re2tt,re2tt-714d157727edd2d0,1,cpu,ts-route-service,68,1,1.0,1.0,1.0,1.0,1.0,1.0,1.0
re2tt,re2tt-722f5f89a57be699,0,mem,ts-travel-service,68,1,1.0,1.0,1.0,1.0,1.0,1.0,1.0
re2tt,re2tt-727331fee88d4ce7,2,loss,ts-route-service,68,1,1.0,1.0,1.0,1.0,1.0,1.0,1.0
re2tt,re2tt-72822d018b0df53f,0,mem,ts-order-service,68,1,1.0,1.0,1.0,1.0,1.0,1.0,1.0
re2tt,re2tt-739ad24f1e2d7c29,1,delay,ts-travel-service,68,4,0.0,0.0,0.0,1.0,1.0,0.4,0.25
re2tt,re2tt-783d045c8102f972,0,delay,ts-auth-service,68,1,1.0,1.0,1.0,1.0,1.0,1.0,1.0
re2tt,re2tt-7cff180e5ff1cc71,1,loss,ts-train-service,68,1,1.0,1.0,1.0,1.0,1.0,1.0,1.0
re2tt,re2tt-7d3fb265c1c0f9ed,1,cpu,ts-train-service,68,2,0.0,1.0,1.0,1.0,1.0,0.8,0.5
re2tt,re2tt-7d84c0b80f7f0032,1,disk,ts-order-service,68,1,1.0,1.0,1.0,1.0,1.0,1.0,1.0
re2tt,re2tt-877f6cbd0cb33e7c,0,loss,ts-train-service,68,2,0.0,1.0,1.0,1.0,1.0,0.8,0.5
re2tt,re2tt-93fbbdf23f58f440,0,cpu,ts-route-service,68,1,1.0,1.0,1.0,1.0,1.0,1.0,1.0
re2tt,re2tt-94bd05feab03461e,0,loss,ts-route-service,68,1,1.0,1.0,1.0,1.0,1.0,1.0,1.0
re2tt,re2tt-995607e863fb7731,2,disk,ts-order-service,68,1,1.0,1.0,1.0,1.0,1.0,1.0,1.0
re2tt,re2tt-a0c0a90c5448e7fa,1,cpu,ts-auth-service,68,1,1.0,1.0,1.0,1.0,1.0,1.0,1.0
re2tt,re2tt-a141811c79edaa0b,2,delay,ts-route-service,68,4,0.0,0.0,0.0,1.0,1.0,0.4,0.25
re2tt,re2tt-a33887653c475d04,2,mem,ts-route-service,68,1,1.0,1.0,1.0,1.0,1.0,1.0,1.0
re2tt,re2tt-a7213c3da47edbd0,1,socket,ts-train-service,68,1,1.0,1.0,1.0,1.0,1.0,1.0,1.0
re2tt,re2tt-aa71e41ec8e7922d,1,socket,ts-auth-service,68,1,1.0,1.0,1.0,1.0,1.0,1.0,1.0
re2tt,re2tt-ae09714023e727e1,1,mem,ts-auth-service,68,1,1.0,1.0,1.0,1.0,1.0,1.0,1.0
re2tt,re2tt-afdac60e6b000d3c,0,loss,ts-order-service,68,7,0.0,0.0,0.0,0.0,0.0,0.0,0.14285714285714285
re2tt,re2tt-b2342b2478b249cb,0,disk,ts-train-service,68,1,1.0,1.0,1.0,1.0,1.0,1.0,1.0
re2tt,re2tt-b5173d4edf252af8,0,disk,ts-route-service,68,1,1.0,1.0,1.0,1.0,1.0,1.0,1.0
re2tt,re2tt-bbbcbf7787fa152c,0,mem,ts-auth-service,68,1,1.0,1.0,1.0,1.0,1.0,1.0,1.0
re2tt,re2tt-bc9cd2d131533d16,1,mem,ts-travel-service,68,1,1.0,1.0,1.0,1.0,1.0,1.0,1.0
re2tt,re2tt-bed634aec03e773f,0,socket,ts-travel-service,68,1,1.0,1.0,1.0,1.0,1.0,1.0,1.0
re2tt,re2tt-c1b234f6cc4acbee,0,disk,ts-auth-service,68,1,1.0,1.0,1.0,1.0,1.0,1.0,1.0
re2tt,re2tt-c7f9112580bfde33,1,disk,ts-train-service,68,1,1.0,1.0,1.0,1.0,1.0,1.0,1.0
re2tt,re2tt-c82529d65e13adc0,0,socket,ts-auth-service,68,1,1.0,1.0,1.0,1.0,1.0,1.0,1.0
re2tt,re2tt-c8fbd9a7d1e92284,0,disk,ts-travel-service,68,1,1.0,1.0,1.0,1.0,1.0,1.0,1.0
re2tt,re2tt-cb1f1df38c99005a,2,socket,ts-auth-service,68,1,1.0,1.0,1.0,1.0,1.0,1.0,1.0
re2tt,re2tt-cb3381bf9ed05034,1,loss,ts-travel-service,68,8,0.0,0.0,0.0,0.0,0.0,0.0,0.125
re2tt,re2tt-cc6c772d4116d054,2,delay,ts-auth-service,68,11,0.0,0.0,0.0,0.0,0.0,0.0,0.09090909090909091
re2tt,re2tt-cdf514b035f34990,0,disk,ts-order-service,68,1,1.0,1.0,1.0,1.0,1.0,1.0,1.0
re2tt,re2tt-d0a74725c5d96362,2,delay,ts-order-service,68,1,1.0,1.0,1.0,1.0,1.0,1.0,1.0
re2tt,re2tt-d14727a3c74e9768,2,socket,ts-route-service,68,1,1.0,1.0,1.0,1.0,1.0,1.0,1.0
re2tt,re2tt-d4b1d66aaaa1a728,1,cpu,ts-order-service,68,1,1.0,1.0,1.0,1.0,1.0,1.0,1.0
re2tt,re2tt-d83931768111dc58,1,disk,ts-travel-service,68,1,1.0,1.0,1.0,1.0,1.0,1.0,1.0
re2tt,re2tt-e3f89de859062727,2,cpu,ts-travel-service,68,2,0.0,1.0,1.0,1.0,1.0,0.8,0.5
re2tt,re2tt-e44ccb97e7cc1570,0,cpu,ts-auth-service,68,1,1.0,1.0,1.0,1.0,1.0,1.0,1.0
re2tt,re2tt-e4be9aa8e249ddf3,0,delay,ts-order-service,68,4,0.0,0.0,0.0,1.0,1.0,0.4,0.25
re2tt,re2tt-e76e500ff655313b,1,delay,ts-auth-service,68,27,0.0,0.0,0.0,0.0,0.0,0.0,0.037037037037037035
re2tt,re2tt-e9071bdee1904785,2,loss,ts-travel-service,68,4,0.0,0.0,0.0,1.0,1.0,0.4,0.25
re2tt,re2tt-ee2421859dfb0792,1,loss,ts-order-service,68,3,0.0,0.0,1.0,1.0,1.0,0.6,0.3333333333333333
re2tt,re2tt-f09cbf3636ad02de,1,cpu,ts-travel-service,68,1,1.0,1.0,1.0,1.0,1.0,1.0,1.0
re2tt,re2tt-f1aa29dd3ba2343f,2,socket,ts-train-service,68,1,1.0,1.0,1.0,1.0,1.0,1.0,1.0
re2tt,re2tt-f5512e2434f96386,1,mem,ts-route-service,68,1,1.0,1.0,1.0,1.0,1.0,1.0,1.0
re2tt,re2tt-f578fe138f6d4c7a,2,mem,ts-travel-service,68,1,1.0,1.0,1.0,1.0,1.0,1.0,1.0
re2tt,re2tt-fa81461ebec56b42,2,disk,ts-train-service,68,1,1.0,1.0,1.0,1.0,1.0,1.0,1.0
re2tt,re2tt-fb57d883cd727c81,2,delay,ts-travel-service,68,2,0.0,1.0,1.0,1.0,1.0,0.8,0.5
re2tt,re2tt-fc53b7fb52199fb7,2,mem,ts-order-service,68,1,1.0,1.0,1.0,1.0,1.0,1.0,1.0
re2tt,re2tt-fd20b1f93a6ff4c0,1,disk,ts-route-service,68,1,1.0,1.0,1.0,1.0,1.0,1.0,1.0
re2tt,re2tt-fe28a6c0dbd7d892,0,cpu,ts-order-service,68,1,1.0,1.0,1.0,1.0,1.0,1.0,1.0
re2tt,re2tt-ffda523857bbf5c2,2,loss,ts-train-service,68,2,0.0,1.0,1.0,1.0,1.0,0.8,0.5
